createdon,messagetype,basictype,idocstatus,direction,receiverport,receiverpartntype,receiverpartnerno,receiver,senderport,senderpartnertype,senderpartnerno,sender,docnum_count
2000.05.25,WMMBXY,WMMBID02,70,2,SAPJPD,LI,0000000002,SAPJPD,SAPJPD,LI,0002000110,Vendor,2
2000.05.24,WMMBXY,WMMBID02,53,2,SAPJPD,LI,0000000002,SAPJPD,SAPJPD,LI,0002000110,Vendor,11
2000.05.24,ORDERS,ORDERS03,70,2,SAPJPD,LI,0000000002,SAPJPD,SAPJPD,KU,0000001343,Customer,1
2000.05.19,WMMBXY,WMMBID02,53,2,SAPJPD,LI,0000000002,SAPJPD,SAPJPD,LI,0002000110,Vendor,3
2000.05.19,ORDERS,ORDERS03,53,2,SAPJPD,LI,0000000002,SAPJPD,SAPJPD,KU,0000000256,Customer,1
2000.05.18,WMMBXY,WMMBID02,53,2,SAPJPD,LI,0000000002,SAPJPD,SAPJPD,LI,0002000110,Vendor,5
2000.05.18,ORDERS,ORDERS03,53,2,SAPJPD,LI,0000000002,SAPJPD,SAPJPD,KU,0000000016,Customer,1
2000.05.17,ORDERS,ORDERS03,70,2,SAPJPD,LI,0000000002,SAPJPD,SAPJPD,KU,0000000329,Customer,3
2000.05.16,WMTORD,WMTOID01,53,2,SAPJPD,LS,JJCDNAF400,J&j CANADA AFFILIATE PRJ.CLIENT400 -JPD,ARFC,LS,DCF_NT_MC,J&j CANADA AFFILIATE PRJ.CLIENT400 -JPD,1
2000.05.16,WMTOCO,WMTCID02,53,2,SAPJPD,LS,JJCDNAF400,J&j CANADA AFFILIATE PRJ.CLIENT400 -JPD,ARFC,LS,DCF_NT_MC,J&j CANADA AFFILIATE PRJ.CLIENT400 -JPD,100
2000.05.16,WMMBXY,WMMBID02,53,2,SAPJPD,LI,0000000002,SAPJPD,SAPJPD,LI,0002000110,Vendor,2
2000.05.16,SHPCON,DELVRY01,53,2,SAPJPD,LI,0000000002,SAPJPD,SAPJPD,LI,0002000110,Vendor,6
2000.05.16,SDPACK,SDPAID01,53,2,SAPJPD,LS,JJCDNAF400,J&j CANADA AFFILIATE PRJ.CLIENT400 -JPD,ARFC,LS,DCF_NT_MC,J&j CANADA AFFILIATE PRJ.CLIENT400 -JPD,199
2000.05.16,ORDERS,ORDERS03,70,2,SAPJPD,LI,0000000002,SAPJPD,SAPJPD,KU,0000001534,Customer,5
2000.05.16,ORDERS,ORDERS03,70,2,SAPJPD,LI,0000000002,SAPJPD,SAPJPD,KU,0000001315,Customer,2
2000.05.16,ORDERS,ORDERS03,70,2,SAPJPD,LI,0000000002,SAPJPD,SAPJPD,KU,0000000255,Customer,1
2000.05.16,ORDERS,ORDERS03,53,2,SAPJPD,LI,0000000019,SAPJPD,SAPJPD,KU,0000001846,Customer,1
2000.05.16,ORDERS,ORDERS03,53,2,SAPJPD,LI,0000000002,SAPJPD,SAPJPD,KU,0000200020,Customer,6
2000.05.16,ORDERS,ORDERS03,53,2,SAPJPD,LI,0000000002,SAPJPD,SAPJPD,KU,0000200015,Customer,11
2000.05.16,ORDERS,ORDERS03,53,2,SAPJPD,LI,0000000002,SAPJPD,SAPJPD,KU,0000001367,Customer,1
2000.05.16,ORDERS,ORDERS03,53,2,SAPJPD,LI,0000000002,SAPJPD,SAPJPD,KU,0000000782,Customer,1
2000.05.16,ORDERS,ORDERS03,53,2,SAPJPD,LI,0000000002,SAPJPD,SAPJPD,KU,0000000329,Customer,11
2000.05.15,WMTOCO,WMTCID02,53,2,SAPJPD,LS,JJCDNAF400,J&j CANADA AFFILIATE PRJ.CLIENT400 -JPD,ARFC,LS,DCF_NT_MC,J&j CANADA AFFILIATE PRJ.CLIENT400 -JPD,165
2000.05.15,WMTOCO,WMTCID02,51,2,SAPJPD,LS,JJCDNAF400,J&j CANADA AFFILIATE PRJ.CLIENT400 -JPD,ARFC,LS,DCF_NT_MC,J&j CANADA AFFILIATE PRJ.CLIENT400 -JPD,1
2000.05.15,WMMBXY,WMMBID02,68,2,SAPJPD,LI,0000000002,SAPJPD,SAPJPD,LI,0002000110,Vendor,1
2000.05.15,WMMBXY,WMMBID02,53,2,SAPJPD,LI,0000000002,SAPJPD,SAPJPD,LI,0002000110,Vendor,19
2000.05.15,SHPCON,DELVRY01,53,2,SAPJPD,LI,0000000002,SAPJPD,SAPJPD,LI,0002000110,Vendor,207
2000.05.15,SDPACK,SDPAID01,53,2,SAPJPD,LS,JJCDNAF400,J&j CANADA AFFILIATE PRJ.CLIENT400 -JPD,ARFC,LS,DCF_NT_MC,J&j CANADA AFFILIATE PRJ.CLIENT400 -JPD,311
2000.05.15,SDPACK,SDPAID01,51,2,SAPJPD,LS,JJCDNAF400,J&j CANADA AFFILIATE PRJ.CLIENT400 -JPD,ARFC,LS,DCF_NT_MC,J&j CANADA AFFILIATE PRJ.CLIENT400 -JPD,8
2000.05.15,PORDCR,PORDCR01,68,2,SAPJPD,LI,0002000110,SAPJPD,SAPJPD,LI,0002000110,Vendor,1
2000.05.15,PORDCR,PORDCR01,53,2,SAPJPD,LI,0002000110,SAPJPD,SAPJPD,LI,0002000110,Vendor,2
2000.05.15,ORDERS,ORDERS03,68,2,SAPJPD,LI,0000000002,SAPJPD,SAPJPD,KU,0000001311,Customer,1
2000.05.15,ORDERS,ORDERS03,53,2,SAPJPD,LI,0000000002,SAPJPD,SAPJPD,KU,0000200015,Customer,25
2000.05.15,ORDERS,ORDERS03,53,2,SAPJPD,LI,0000000002,SAPJPD,SAPJPD,KU,0000001534,Customer,22
2000.05.15,ORDERS,ORDERS03,53,2,SAPJPD,LI,0000000002,SAPJPD,SAPJPD,KU,0000001376,Customer,3
2000.05.15,ORDERS,ORDERS03,53,2,SAPJPD,LI,0000000002,SAPJPD,SAPJPD,KU,0000001350,Customer,1
2000.05.15,ORDERS,ORDERS03,53,2,SAPJPD,LI,0000000002,SAPJPD,SAPJPD,KU,0000001347,Customer,1
2000.05.15,ORDERS,ORDERS03,53,2,SAPJPD,LI,0000000002,SAPJPD,SAPJPD,KU,0000001343,Customer,4
2000.05.15,ORDERS,ORDERS03,53,2,SAPJPD,LI,0000000002,SAPJPD,SAPJPD,KU,0000001320,Customer,1
2000.05.15,ORDERS,ORDERS03,53,2,SAPJPD,LI,0000000002,SAPJPD,SAPJPD,KU,0000001311,Customer,2
2000.05.15,ORDERS,ORDERS03,53,2,SAPJPD,LI,0000000002,SAPJPD,SAPJPD,KU,0000001303,Customer,3
2000.05.15,ORDERS,ORDERS03,53,2,SAPJPD,LI,0000000002,SAPJPD,SAPJPD,KU,0000001298,Customer,6
2000.05.15,ORDERS,ORDERS03,53,2,SAPJPD,LI,0000000002,SAPJPD,SAPJPD,KU,0000001295,Customer,1
2000.05.15,ORDERS,ORDERS03,53,2,SAPJPD,LI,0000000002,SAPJPD,SAPJPD,KU,0000001294,Customer,1
2000.05.15,ORDERS,ORDERS03,53,2,SAPJPD,LI,0000000002,SAPJPD,SAPJPD,KU,0000001292,Customer,1
2000.05.15,ORDERS,ORDERS03,53,2,SAPJPD,LI,0000000002,SAPJPD,SAPJPD,KU,0000000329,Customer,5
2000.05.15,ORDERS,ORDERS03,53,2,SAPJPD,LI,0000000002,SAPJPD,SAPJPD,KU,0000000276,Customer,1
2000.05.15,ORDERS,ORDERS03,53,2,SAPJPD,LI,0000000002,SAPJPD,SAPJPD,KU,0000000256,Customer,1
2000.05.15,ORDERS,ORDERS03,53,2,SAPJPD,LI,0000000002,SAPJPD,SAPJPD,KU,0000000016,Customer,2
2000.05.14,SHPCON,DELVRY01,53,2,SAPJPD,LI,0000000002,SAPJPD,SAPJPD,LI,0002000110,Vendor,9
2000.05.13,SHPCON,DELVRY01,68,2,SAPJPD,LI,0000000002,SAPJPD,SAPJPD,LI,0002000110,Vendor,1
2000.05.13,SHPCON,DELVRY01,53,2,SAPJPD,LI,0000000002,SAPJPD,SAPJPD,LI,0002000110,Vendor,83
2000.05.12,ZMMC03,ZIMC03,53,2,SAPJPD,LS,JJCDNAF400,J&j CANADA AFFILIATE PRJ.CLIENT400 -JPD,ARFC,LS,DCF_NT_MC,J&j CANADA AFFILIATE PRJ.CLIENT400 -JPD,1
2000.05.12,ZLT06,ZWMLT06,53,2,SAPJPD,LS,JJCDNAF400,J&j CANADA AFFILIATE PRJ.CLIENT400 -JPD,ARFC,LS,DCF_NT_MC,J&j CANADA AFFILIATE PRJ.CLIENT400 -JPD,1
2000.05.12,ZLT06,ZWMLT06,51,2,SAPJPD,LS,JJCDNAF400,J&j CANADA AFFILIATE PRJ.CLIENT400 -JPD,ARFC,LS,DCF_NT_MC,J&j CANADA AFFILIATE PRJ.CLIENT400 -JPD,1
2000.05.12,WMTOCO,WMTCID02,53,2,SAPJPD,LS,JJCDNAF400,J&j CANADA AFFILIATE PRJ.CLIENT400 -JPD,ARFC,LS,DCF_NT_MC,J&j CANADA AFFILIATE PRJ.CLIENT400 -JPD,74
2000.05.12,WMMBXY,WMMBID02,70,2,SAPJPD,LI,0000000002,SAPJPD,SAPJPD,LI,0002000110,Vendor,2
2000.05.12,WMMBXY,WMMBID02,53,2,SAPJPD,LI,0000000002,SAPJPD,SAPJPD,LI,0002000110,Vendor,14
2000.05.12,SHPCON,DELVRY01,70,2,SAPJPD,LI,0000000002,SAPJPD,SAPJPD,LI,0002000110,Vendor,1
2000.05.12,SHPCON,DELVRY01,53,2,SAPJPD,LI,0000000002,SAPJPD,SAPJPD,LI,0002000110,Vendor,6
2000.05.12,SDPACK,SDPAID01,53,2,SAPJPD,LS,JJCDNAF400,J&j CANADA AFFILIATE PRJ.CLIENT400 -JPD,ARFC,LS,DCF_NT_MC,J&j CANADA AFFILIATE PRJ.CLIENT400 -JPD,146
2000.05.12,PORDCR,PORDCR01,53,2,SAPJPD,LI,0002000110,SAPJPD,SAPJPD,LI,0002000110,Vendor,4
2000.05.12,PORDCR,PORDCR01,53,2,SAPJPD,LI,0000650091,SAPJPD,SAPJPD,LI,0000650091,Vendor,4
2000.05.12,ORDERS,ORDERS03,68,2,SAPJPD,LI,0000000019,SAPJPD,SAPJPD,KU,0000001846,Customer,32
2000.05.12,ORDERS,ORDERS03,68,2,SAPJPD,LI,0000000002,SAPJPD,SAPJPD,KU,0000001367,Customer,3
2000.05.12,ORDERS,ORDERS03,53,2,SAPJPD,LI,0000000019,SAPJPD,SAPJPD,KU,0000001846,Customer,1177
2000.05.12,ORDERS,ORDERS03,53,2,SAPJPD,LI,0000000002,SAPJPD,SAPJPD,KU,0000200020,Customer,3
2000.05.12,ORDERS,ORDERS03,53,2,SAPJPD,LI,0000000002,SAPJPD,SAPJPD,KU,0000200015,Customer,18
2000.05.12,ORDERS,ORDERS03,53,2,SAPJPD,LI,0000000002,SAPJPD,SAPJPD,KU,0000001361,Customer,2
2000.05.12,ORDERS,ORDERS03,53,2,SAPJPD,LI,0000000002,SAPJPD,SAPJPD,KU,0000001343,Customer,2
2000.05.12,ORDERS,ORDERS03,53,2,SAPJPD,LI,0000000002,SAPJPD,SAPJPD,KU,0000001341,Customer,1
2000.05.12,ORDERS,ORDERS03,53,2,SAPJPD,LI,0000000002,SAPJPD,SAPJPD,KU,0000001320,Customer,4
2000.05.12,ORDERS,ORDERS03,53,2,SAPJPD,LI,0000000002,SAPJPD,SAPJPD,KU,0000001311,Customer,1
2000.05.12,ORDERS,ORDERS03,53,2,SAPJPD,LI,0000000002,SAPJPD,SAPJPD,KU,0000001303,Customer,3
2000.05.12,ORDERS,ORDERS03,53,2,SAPJPD,LI,0000000002,SAPJPD,SAPJPD,KU,0000001297,Customer,1
2000.05.12,ORDERS,ORDERS03,53,2,SAPJPD,LI,0000000002,SAPJPD,SAPJPD,KU,0000001294,Customer,2
2000.05.12,ORDERS,ORDERS03,53,2,SAPJPD,LI,0000000002,SAPJPD,SAPJPD,KU,0000001293,Customer,4
2000.05.12,ORDERS,ORDERS03,53,2,SAPJPD,LI,0000000002,SAPJPD,SAPJPD,KU,0000001292,Customer,1
2000.05.12,ORDERS,ORDERS03,53,2,SAPJPD,LI,0000000002,SAPJPD,SAPJPD,KU,0000000329,Customer,3
2000.05.12,ORDERS,ORDERS03,53,2,SAPJPD,LI,0000000002,SAPJPD,SAPJPD,KU,0000000256,Customer,8
2000.05.12,ORDERS,ORDERS03,53,2,SAPJPD,LI,0000000002,SAPJPD,SAPJPD,KU,0000000255,Customer,3
2000.05.11,ZLT06,ZWMLT06,51,2,SAPJPD,LS,JJCDNAF400,J&j CANADA AFFILIATE PRJ.CLIENT400 -JPD,ARFC,LS,DCF_NT_MC,J&j CANADA AFFILIATE PRJ.CLIENT400 -JPD,2
2000.05.11,WMTOCO,WMTCID02,53,2,SAPJPD,LS,JJCDNAF400,J&j CANADA AFFILIATE PRJ.CLIENT400 -JPD,ARFC,LS,DCF_NT_MC,J&j CANADA AFFILIATE PRJ.CLIENT400 -JPD,134
2000.05.11,WMMBXY,WMMBID02,53,2,SAPJPD,LI,0000000002,SAPJPD,SAPJPD,LI,0002000110,Vendor,18
2000.05.11,SHPCON,DELVRY01,53,2,SAPJPD,LI,0000000002,SAPJPD,SAPJPD,LI,0002000110,Vendor,61
2000.05.11,SDPACK,SDPAID01,53,2,SAPJPD,LS,JJCDNAF400,J&j CANADA AFFILIATE PRJ.CLIENT400 -JPD,ARFC,LS,DCF_NT_MC,J&j CANADA AFFILIATE PRJ.CLIENT400 -JPD,271
2000.05.11,PORDCR,PORDCR01,53,2,SAPJPD,LI,0000650091,SAPJPD,SAPJPD,LI,0000650091,Vendor,3
2000.05.11,ORDERS,ORDERS03,70,2,SAPJPD,LI,0000000002,SAPJPD,SAPJPD,KU,0000001350,Customer,1
2000.05.11,ORDERS,ORDERS03,70,2,SAPJPD,LI,0000000002,SAPJPD,SAPJPD,KU,0000001339,Customer,1
2000.05.11,ORDERS,ORDERS03,70,2,SAPJPD,LI,0000000002,SAPJPD,SAPJPD,KU,0000001315,Customer,1
2000.05.11,ORDERS,ORDERS03,70,2,SAPJPD,LI,0000000002,SAPJPD,SAPJPD,KU,0000001293,Customer,1
2000.05.11,ORDERS,ORDERS03,56,2,SAPJPD,LI,0000000002,SAPJPD,SAPJPD,KU,2248509994,Customer,1
2000.05.11,ORDERS,ORDERS03,53,2,SAPJPD,LI,0000000002,SAPJPD,SAPJPD,KU,0000200015,Customer,17
2000.05.11,ORDERS,ORDERS03,53,2,SAPJPD,LI,0000000002,SAPJPD,SAPJPD,KU,0000001532,Customer,6
2000.05.11,ORDERS,ORDERS03,53,2,SAPJPD,LI,0000000002,SAPJPD,SAPJPD,KU,0000001376,Customer,1
2000.05.11,ORDERS,ORDERS03,53,2,SAPJPD,LI,0000000002,SAPJPD,SAPJPD,KU,0000001372,Customer,1
2000.05.11,ORDERS,ORDERS03,53,2,SAPJPD,LI,0000000002,SAPJPD,SAPJPD,KU,0000001361,Customer,2
2000.05.11,ORDERS,ORDERS03,53,2,SAPJPD,LI,0000000002,SAPJPD,SAPJPD,KU,0000001343,Customer,3
2000.05.11,ORDERS,ORDERS03,53,2,SAPJPD,LI,0000000002,SAPJPD,SAPJPD,KU,0000001323,Customer,1
2000.05.11,ORDERS,ORDERS03,53,2,SAPJPD,LI,0000000002,SAPJPD,SAPJPD,KU,0000001316,Customer,1
2000.05.11,ORDERS,ORDERS03,53,2,SAPJPD,LI,0000000002,SAPJPD,SAPJPD,KU,0000001315,Customer,1
2000.05.11,ORDERS,ORDERS03,53,2,SAPJPD,LI,0000000002,SAPJPD,SAPJPD,KU,0000001311,Customer,2
2000.05.11,ORDERS,ORDERS03,53,2,SAPJPD,LI,0000000002,SAPJPD,SAPJPD,KU,0000001303,Customer,2
2000.05.11,ORDERS,ORDERS03,53,2,SAPJPD,LI,0000000002,SAPJPD,SAPJPD,KU,0000001295,Customer,1
2000.05.11,ORDERS,ORDERS03,53,2,SAPJPD,LI,0000000002,SAPJPD,SAPJPD,KU,0000000782,Customer,4
2000.05.11,ORDERS,ORDERS03,53,2,SAPJPD,LI,0000000002,SAPJPD,SAPJPD,KU,0000000329,Customer,2
2000.05.11,ORDERS,ORDERS03,53,2,SAPJPD,LI,0000000002,SAPJPD,SAPJPD,KU,0000000276,Customer,1
2000.05.10,ZMMC03,ZIMC03,51,2,SAPJPD,LS,JJCDNAF400,J&j CANADA AFFILIATE PRJ.CLIENT400 -JPD,ARFC,LS,DCF_NT_MC,J&j CANADA AFFILIATE PRJ.CLIENT400 -JPD,1
2000.05.10,WMTOCO,WMTCID02,53,2,SAPJPD,LS,JJCDNAF400,J&j CANADA AFFILIATE PRJ.CLIENT400 -JPD,ARFC,LS,DCF_NT_MC,J&j CANADA AFFILIATE PRJ.CLIENT400 -JPD,113
2000.05.10,WMMBXY,WMMBID02,68,2,SAPJPD,LI,0000000002,SAPJPD,SAPJPD,LI,0002000110,Vendor,2
2000.05.10,WMMBXY,WMMBID02,53,2,SAPJPD,LI,0000000002,SAPJPD,SAPJPD,LI,0002000110,Vendor,16
2000.05.10,SHPCON,DELVRY01,53,2,SAPJPD,LI,0000000002,SAPJPD,SAPJPD,LI,0002000110,Vendor,69
2000.05.10,SDPACK,SDPAID01,53,2,SAPJPD,LS,JJCDNAF400,J&j CANADA AFFILIATE PRJ.CLIENT400 -JPD,ARFC,LS,DCF_NT_MC,J&j CANADA AFFILIATE PRJ.CLIENT400 -JPD,224
2000.05.10,PORDCR,PORDCR01,53,2,SAPJPD,LI,0000650091,SAPJPD,SAPJPD,LI,0000650091,Vendor,1
2000.05.10,ORDERS,ORDERS03,68,2,SAPJPD,LI,0000000002,SAPJPD,SAPJPD,KU,0000001376,Customer,1
2000.05.10,ORDERS,ORDERS03,56,2,SAPJPD,LI,0000000002,SAPJPD,SAPJPD,KU,2202261939,Customer,1
2000.05.10,ORDERS,ORDERS03,53,2,SAPJPD,LI,0000000002,SAPJPD,SAPJPD,KU,0000200015,Customer,9
2000.05.10,ORDERS,ORDERS03,53,2,SAPJPD,LI,0000000002,SAPJPD,SAPJPD,KU,0000001600,Customer,3
2000.05.10,ORDERS,ORDERS03,53,2,SAPJPD,LI,0000000002,SAPJPD,SAPJPD,KU,0000001532,Customer,3
2000.05.10,ORDERS,ORDERS03,53,2,SAPJPD,LI,0000000002,SAPJPD,SAPJPD,KU,0000001376,Customer,4
2000.05.10,ORDERS,ORDERS03,53,2,SAPJPD,LI,0000000002,SAPJPD,SAPJPD,KU,0000001362,Customer,1
2000.05.10,ORDERS,ORDERS03,53,2,SAPJPD,LI,0000000002,SAPJPD,SAPJPD,KU,0000001350,Customer,1
2000.05.10,ORDERS,ORDERS03,53,2,SAPJPD,LI,0000000002,SAPJPD,SAPJPD,KU,0000001348,Customer,1
2000.05.10,ORDERS,ORDERS03,53,2,SAPJPD,LI,0000000002,SAPJPD,SAPJPD,KU,0000001343,Customer,3
2000.05.10,ORDERS,ORDERS03,53,2,SAPJPD,LI,0000000002,SAPJPD,SAPJPD,KU,0000001339,Customer,1
2000.05.10,ORDERS,ORDERS03,53,2,SAPJPD,LI,0000000002,SAPJPD,SAPJPD,KU,0000001320,Customer,4
2000.05.10,ORDERS,ORDERS03,53,2,SAPJPD,LI,0000000002,SAPJPD,SAPJPD,KU,0000001316,Customer,1
2000.05.10,ORDERS,ORDERS03,53,2,SAPJPD,LI,0000000002,SAPJPD,SAPJPD,KU,0000001300,Customer,3
2000.05.10,ORDERS,ORDERS03,53,2,SAPJPD,LI,0000000002,SAPJPD,SAPJPD,KU,0000001298,Customer,1
2000.05.10,ORDERS,ORDERS03,53,2,SAPJPD,LI,0000000002,SAPJPD,SAPJPD,KU,0000001297,Customer,1
2000.05.10,ORDERS,ORDERS03,53,2,SAPJPD,LI,0000000002,SAPJPD,SAPJPD,KU,0000001293,Customer,1
2000.05.10,ORDERS,ORDERS03,53,2,SAPJPD,LI,0000000002,SAPJPD,SAPJPD,KU,0000000329,Customer,4
2000.05.10,ORDERS,ORDERS03,53,2,SAPJPD,LI,0000000002,SAPJPD,SAPJPD,KU,0000000276,Customer,1
2000.05.10,ORDERS,ORDERS03,53,2,SAPJPD,LI,0000000002,SAPJPD,SAPJPD,KU,0000000256,Customer,6
2000.05.10,ORDERS,ORDERS03,53,2,SAPJPD,LI,0000000002,SAPJPD,SAPJPD,KU,0000000016,Customer,1
2000.05.09,WMTOCO,WMTCID02,53,2,SAPJPD,LS,JJCDNAF400,J&j CANADA AFFILIATE PRJ.CLIENT400 -JPD,ARFC,LS,DCF_NT_MC,J&j CANADA AFFILIATE PRJ.CLIENT400 -JPD,127
2000.05.09,WMMBXY,WMMBID02,68,2,SAPJPD,LI,0000000002,SAPJPD,SAPJPD,LI,0002000110,Vendor,1
2000.05.09,WMMBXY,WMMBID02,53,2,SAPJPD,LI,0000000002,SAPJPD,SAPJPD,LI,0002000110,Vendor,12
2000.05.09,SHPCON,DELVRY01,68,2,SAPJPD,LI,0000000002,SAPJPD,SAPJPD,LI,0002000110,Vendor,1
2000.05.09,SHPCON,DELVRY01,53,2,SAPJPD,LI,0000000002,SAPJPD,SAPJPD,LI,0002000110,Vendor,50
2000.05.09,SDPACK,SDPAID01,53,2,SAPJPD,LS,JJCDNAF400,J&j CANADA AFFILIATE PRJ.CLIENT400 -JPD,ARFC,LS,DCF_NT_MC,J&j CANADA AFFILIATE PRJ.CLIENT400 -JPD,258
2000.05.09,SDPACK,SDPAID01,51,2,SAPJPD,LS,JJCDNAF400,J&j CANADA AFFILIATE PRJ.CLIENT400 -JPD,ARFC,LS,DCF_NT_MC,J&j CANADA AFFILIATE PRJ.CLIENT400 -JPD,2
2000.05.09,PORDCR,PORDCR01,53,2,SAPJPD,LI,0002000110,SAPJPD,SAPJPD,LI,0002000110,Vendor,5
2000.05.09,PORDCR,PORDCR01,53,2,SAPJPD,LI,0000650091,SAPJPD,SAPJPD,LI,0000650091,Vendor,3
2000.05.09,ORDERS,ORDERS03,70,2,SAPJPD,LI,0000000002,SAPJPD,SAPJPD,KU,0000001298,Customer,1
2000.05.09,ORDERS,ORDERS03,53,2,SAPJPD,LI,0000000002,SAPJPD,SAPJPD,KU,0000200020,Customer,11
2000.05.09,ORDERS,ORDERS03,53,2,SAPJPD,LI,0000000002,SAPJPD,SAPJPD,KU,0000200015,Customer,31
2000.05.09,ORDERS,ORDERS03,53,2,SAPJPD,LI,0000000002,SAPJPD,SAPJPD,KU,0000001534,Customer,12
2000.05.09,ORDERS,ORDERS03,53,2,SAPJPD,LI,0000000002,SAPJPD,SAPJPD,KU,0000001532,Customer,8
2000.05.09,ORDERS,ORDERS03,53,2,SAPJPD,LI,0000000002,SAPJPD,SAPJPD,KU,0000001422,Customer,1
2000.05.09,ORDERS,ORDERS03,53,2,SAPJPD,LI,0000000002,SAPJPD,SAPJPD,KU,0000001376,Customer,1
2000.05.09,ORDERS,ORDERS03,53,2,SAPJPD,LI,0000000002,SAPJPD,SAPJPD,KU,0000001371,Customer,1
2000.05.09,ORDERS,ORDERS03,53,2,SAPJPD,LI,0000000002,SAPJPD,SAPJPD,KU,0000001341,Customer,1
2000.05.09,ORDERS,ORDERS03,53,2,SAPJPD,LI,0000000002,SAPJPD,SAPJPD,KU,0000001315,Customer,1
2000.05.09,ORDERS,ORDERS03,53,2,SAPJPD,LI,0000000002,SAPJPD,SAPJPD,KU,0000001303,Customer,7
2000.05.09,ORDERS,ORDERS03,53,2,SAPJPD,LI,0000000002,SAPJPD,SAPJPD,KU,0000001298,Customer,4
2000.05.09,ORDERS,ORDERS03,53,2,SAPJPD,LI,0000000002,SAPJPD,SAPJPD,KU,0000001297,Customer,2
2000.05.09,ORDERS,ORDERS03,53,2,SAPJPD,LI,0000000002,SAPJPD,SAPJPD,KU,0000000329,Customer,7
2000.05.09,ORDERS,ORDERS03,53,2,SAPJPD,LI,0000000002,SAPJPD,SAPJPD,KU,0000000276,Customer,2
2000.05.09,ORDERS,ORDERS03,53,2,SAPJPD,LI,0000000002,SAPJPD,SAPJPD,KU,0000000256,Customer,2
2000.05.09,ORDERS,ORDERS03,53,2,SAPJPD,LI,0000000002,SAPJPD,SAPJPD,KU,0000000016,Customer,2
2000.05.09,ACC_EMPLOYEE_PAY,ACC_EMPLOYEE_PAY01,53,2,SAPJPD,LS,JJCDNAF400,J&j CANADA AFFILIATE PRJ.CLIENT400 -JPD,SAPHRP,LS,JJCDNHR180,J&j CANADA AFFILIATE PRJ.CLIENT400 -JPD,11
2000.05.09,ACC_EMPLOYEE_EXP,ACC_EMPLOYEE_EXP01,53,2,SAPJPD,LS,JJCDNAF400,J&j CANADA AFFILIATE PRJ.CLIENT400 -JPD,SAPHRP,LS,JJCDNHR180,J&j CANADA AFFILIATE PRJ.CLIENT400 -JPD,11
2000.05.08,ZMMC03,ZIMC03,51,2,SAPJPD,LS,JJCDNAF400,J&j CANADA AFFILIATE PRJ.CLIENT400 -JPD,ARFC,LS,DCF_NT_MC,J&j CANADA AFFILIATE PRJ.CLIENT400 -JPD,1
2000.05.08,ZLT06,ZWMLT06,53,2,SAPJPD,LS,JJCDNAF400,J&j CANADA AFFILIATE PRJ.CLIENT400 -JPD,ARFC,LS,DCF_NT_MC,J&j CANADA AFFILIATE PRJ.CLIENT400 -JPD,1
2000.05.08,ZLT06,ZWMLT06,51,2,SAPJPD,LS,JJCDNAF400,J&j CANADA AFFILIATE PRJ.CLIENT400 -JPD,ARFC,LS,DCF_NT_MC,J&j CANADA AFFILIATE PRJ.CLIENT400 -JPD,4
2000.05.08,WMTOCO,WMTCID02,53,2,SAPJPD,LS,JJCDNAF400,J&j CANADA AFFILIATE PRJ.CLIENT400 -JPD,ARFC,LS,DCF_NT_MC,J&j CANADA AFFILIATE PRJ.CLIENT400 -JPD,100
2000.05.08,WMMBXY,WMMBID02,70,2,SAPJPD,LI,0000000002,SAPJPD,SAPJPD,LI,0002000110,Vendor,2
2000.05.08,WMMBXY,WMMBID02,68,2,SAPJPD,LI,0000000002,SAPJPD,SAPJPD,LI,0002000110,Vendor,1
2000.05.08,WMMBXY,WMMBID02,53,2,SAPJPD,LI,0000000002,SAPJPD,SAPJPD,LI,0002000110,Vendor,14
2000.05.08,SHPCON,DELVRY01,68,2,SAPJPD,LI,0000000002,SAPJPD,SAPJPD,LI,0002000110,Vendor,1
2000.05.08,SHPCON,DELVRY01,53,2,SAPJPD,LI,0000000002,SAPJPD,SAPJPD,LI,0002000110,Vendor,79
2000.05.08,SDPACK,SDPAID01,53,2,SAPJPD,LS,JJCDNAF400,J&j CANADA AFFILIATE PRJ.CLIENT400 -JPD,ARFC,LS,DCF_NT_MC,J&j CANADA AFFILIATE PRJ.CLIENT400 -JPD,204
2000.05.08,PORDCR,PORDCR01,53,2,SAPJPD,LI,0002000110,SAPJPD,SAPJPD,LI,0002000110,Vendor,3
2000.05.08,PORDCR,PORDCR01,53,2,SAPJPD,LI,0000650091,SAPJPD,SAPJPD,LI,0000650091,Vendor,1
2000.05.08,ORDERS,ORDERS03,70,2,SAPJPD,LI,0000000002,SAPJPD,SAPJPD,KU,0000200015,Customer,2
2000.05.08,ORDERS,ORDERS03,68,2,SAPJPD,LI,0000000019,SAPJPD,SAPJPD,KU,0000001846,Customer,33
2000.05.08,ORDERS,ORDERS03,56,2,SAPJPD,LI,0000000002,SAPJPD,SAPJPD,KU,2248547002,Customer,1
2000.05.08,ORDERS,ORDERS03,53,2,SAPJPD,LI,0000000019,SAPJPD,SAPJPD,KU,0000001846,Customer,694
2000.05.08,ORDERS,ORDERS03,53,2,SAPJPD,LI,0000000002,SAPJPD,SAPJPD,KU,0000200015,Customer,19
2000.05.08,ORDERS,ORDERS03,53,2,SAPJPD,LI,0000000002,SAPJPD,SAPJPD,KU,0000001534,Customer,2
2000.05.08,ORDERS,ORDERS03,53,2,SAPJPD,LI,0000000002,SAPJPD,SAPJPD,KU,0000001532,Customer,7
2000.05.08,ORDERS,ORDERS03,53,2,SAPJPD,LI,0000000002,SAPJPD,SAPJPD,KU,0000001376,Customer,3
2000.05.08,ORDERS,ORDERS03,53,2,SAPJPD,LI,0000000002,SAPJPD,SAPJPD,KU,0000001350,Customer,1
2000.05.08,ORDERS,ORDERS03,53,2,SAPJPD,LI,0000000002,SAPJPD,SAPJPD,KU,0000001347,Customer,1
2000.05.08,ORDERS,ORDERS03,53,2,SAPJPD,LI,0000000002,SAPJPD,SAPJPD,KU,0000001343,Customer,4
2000.05.08,ORDERS,ORDERS03,53,2,SAPJPD,LI,0000000002,SAPJPD,SAPJPD,KU,0000001338,Customer,1
2000.05.08,ORDERS,ORDERS03,53,2,SAPJPD,LI,0000000002,SAPJPD,SAPJPD,KU,0000001320,Customer,3
2000.05.08,ORDERS,ORDERS03,53,2,SAPJPD,LI,0000000002,SAPJPD,SAPJPD,KU,0000001303,Customer,15
2000.05.08,ORDERS,ORDERS03,53,2,SAPJPD,LI,0000000002,SAPJPD,SAPJPD,KU,0000001300,Customer,1
2000.05.08,ORDERS,ORDERS03,53,2,SAPJPD,LI,0000000002,SAPJPD,SAPJPD,KU,0000001298,Customer,6
2000.05.08,ORDERS,ORDERS03,53,2,SAPJPD,LI,0000000002,SAPJPD,SAPJPD,KU,0000001297,Customer,1
2000.05.08,ORDERS,ORDERS03,53,2,SAPJPD,LI,0000000002,SAPJPD,SAPJPD,KU,0000001295,Customer,1
2000.05.08,ORDERS,ORDERS03,53,2,SAPJPD,LI,0000000002,SAPJPD,SAPJPD,KU,0000000782,Customer,1
2000.05.08,ORDERS,ORDERS03,53,2,SAPJPD,LI,0000000002,SAPJPD,SAPJPD,KU,0000000329,Customer,4
2000.05.08,ORDERS,ORDERS03,53,2,SAPJPD,LI,0000000002,SAPJPD,SAPJPD,KU,0000000276,Customer,2
2000.05.08,ORDERS,ORDERS03,53,2,SAPJPD,LI,0000000002,SAPJPD,SAPJPD,KU,0000000256,Customer,1
2000.05.08,ORDERS,ORDERS03,53,2,SAPJPD,LI,0000000002,SAPJPD,SAPJPD,KU,0000000016,Customer,1
2000.05.07,SHPCON,DELVRY01,53,2,SAPJPD,LI,0000000002,SAPJPD,SAPJPD,LI,0002000110,Vendor,32
2000.05.05,WMTOCO,WMTCID02,53,2,SAPJPD,LS,JJCDNAF400,J&j CANADA AFFILIATE PRJ.CLIENT400 -JPD,ARFC,LS,DCF_NT_MC,J&j CANADA AFFILIATE PRJ.CLIENT400 -JPD,70
2000.05.05,WMMBXY,WMMBID02,70,2,SAPJPD,LI,0000000002,SAPJPD,SAPJPD,LI,0002000110,Vendor,1
2000.05.05,WMMBXY,WMMBID02,53,2,SAPJPD,LI,0000000002,SAPJPD,SAPJPD,LI,0002000110,Vendor,14
2000.05.05,SHPCON,DELVRY01,53,2,SAPJPD,LI,0000000002,SAPJPD,SAPJPD,LI,0002000110,Vendor,8
2000.05.05,SDPACK,SDPAID01,53,2,SAPJPD,LS,JJCDNAF400,J&j CANADA AFFILIATE PRJ.CLIENT400 -JPD,ARFC,LS,DCF_NT_MC,J&j CANADA AFFILIATE PRJ.CLIENT400 -JPD,137
2000.05.05,SDPACK,SDPAID01,51,2,SAPJPD,LS,JJCDNAF400,J&j CANADA AFFILIATE PRJ.CLIENT400 -JPD,ARFC,LS,DCF_NT_MC,J&j CANADA AFFILIATE PRJ.CLIENT400 -JPD,4
2000.05.05,PORDCR,PORDCR01,53,2,SAPJPD,LI,0002000110,SAPJPD,SAPJPD,LI,0002000110,Vendor,2
2000.05.05,PORDCR,PORDCR01,53,2,SAPJPD,LI,0000650091,SAPJPD,SAPJPD,LI,0000650091,Vendor,3
2000.05.05,ORDERS,ORDERS03,70,2,SAPJPD,LI,0000000002,SAPJPD,SAPJPD,KU,3249160979,Customer,1
2000.05.05,ORDERS,ORDERS03,70,2,SAPJPD,LI,0000000002,SAPJPD,SAPJPD,KU,0000001293,Customer,4
2000.05.05,ORDERS,ORDERS03,69,2,SAPJPD,LI,0000000002,SAPJPD,SAPJPD,KU,0000200015,Customer,1
2000.05.05,ORDERS,ORDERS03,68,2,SAPJPD,LI,0000000002,SAPJPD,SAPJPD,KU,0000001367,Customer,2
2000.05.05,ORDERS,ORDERS03,53,2,SAPJPD,LI,0000000002,SAPJPD,SAPJPD,KU,0000200020,Customer,4
2000.05.05,ORDERS,ORDERS03,53,2,SAPJPD,LI,0000000002,SAPJPD,SAPJPD,KU,0000200015,Customer,30
2000.05.05,ORDERS,ORDERS03,53,2,SAPJPD,LI,0000000002,SAPJPD,SAPJPD,KU,0000001613,Customer,1
2000.05.05,ORDERS,ORDERS03,53,2,SAPJPD,LI,0000000002,SAPJPD,SAPJPD,KU,0000001367,Customer,1
2000.05.05,ORDERS,ORDERS03,53,2,SAPJPD,LI,0000000002,SAPJPD,SAPJPD,KU,0000001361,Customer,3
2000.05.05,ORDERS,ORDERS03,53,2,SAPJPD,LI,0000000002,SAPJPD,SAPJPD,KU,0000001343,Customer,3
2000.05.05,ORDERS,ORDERS03,53,2,SAPJPD,LI,0000000002,SAPJPD,SAPJPD,KU,0000001320,Customer,3
2000.05.05,ORDERS,ORDERS03,53,2,SAPJPD,LI,0000000002,SAPJPD,SAPJPD,KU,0000001316,Customer,1
2000.05.05,ORDERS,ORDERS03,53,2,SAPJPD,LI,0000000002,SAPJPD,SAPJPD,KU,0000001311,Customer,4
2000.05.05,ORDERS,ORDERS03,53,2,SAPJPD,LI,0000000002,SAPJPD,SAPJPD,KU,0000001300,Customer,1
2000.05.05,ORDERS,ORDERS03,53,2,SAPJPD,LI,0000000002,SAPJPD,SAPJPD,KU,0000001295,Customer,1
2000.05.05,ORDERS,ORDERS03,53,2,SAPJPD,LI,0000000002,SAPJPD,SAPJPD,KU,0000001294,Customer,3
2000.05.05,ORDERS,ORDERS03,53,2,SAPJPD,LI,0000000002,SAPJPD,SAPJPD,KU,0000001293,Customer,4
2000.05.05,ORDERS,ORDERS03,53,2,SAPJPD,LI,0000000002,SAPJPD,SAPJPD,KU,0000000329,Customer,3
2000.05.05,ORDERS,ORDERS03,53,2,SAPJPD,LI,0000000002,SAPJPD,SAPJPD,KU,0000000276,Customer,1
2000.05.05,ACC_EMPLOYEE_EXP,ACC_EMPLOYEE_EXP01,53,2,SAPJPD,LS,JJCDNAF400,J&j CANADA AFFILIATE PRJ.CLIENT400 -JPD,SAPHRP,LS,JJCDNHR180,J&j CANADA AFFILIATE PRJ.CLIENT400 -JPD,3
2000.05.05,ACC_EMPLOYEE_EXP,ACC_EMPLOYEE_EXP01,51,2,SAPJPD,LS,JJCDNAF400,J&j CANADA AFFILIATE PRJ.CLIENT400 -JPD,SAPHRP,LS,JJCDNHR180,J&j CANADA AFFILIATE PRJ.CLIENT400 -JPD,2
2000.05.04,WMTOCO,WMTCID02,53,2,SAPJPD,LS,JJCDNAF400,J&j CANADA AFFILIATE PRJ.CLIENT400 -JPD,ARFC,LS,DCF_NT_MC,J&j CANADA AFFILIATE PRJ.CLIENT400 -JPD,84
2000.05.04,WMMBXY,WMMBID02,70,2,SAPJPD,LI,0000000002,SAPJPD,SAPJPD,LI,0002000110,Vendor,16
2000.05.04,WMMBXY,WMMBID02,68,2,SAPJPD,LI,0000000002,SAPJPD,SAPJPD,LI,0002000110,Vendor,1
2000.05.04,WMMBXY,WMMBID02,53,2,SAPJPD,LI,0000000002,SAPJPD,SAPJPD,LI,0002000110,Vendor,15
2000.05.04,SHPCON,DELVRY01,68,2,SAPJPD,LI,0000000002,SAPJPD,SAPJPD,LI,0002000110,Vendor,1
2000.05.04,SHPCON,DELVRY01,53,2,SAPJPD,LI,0000000002,SAPJPD,SAPJPD,LI,0002000110,Vendor,48
2000.05.04,SDPACK,SDPAID01,53,2,SAPJPD,LS,JJCDNAF400,J&j CANADA AFFILIATE PRJ.CLIENT400 -JPD,ARFC,LS,DCF_NT_MC,J&j CANADA AFFILIATE PRJ.CLIENT400 -JPD,155
2000.05.04,SDPACK,SDPAID01,51,2,SAPJPD,LS,JJCDNAF400,J&j CANADA AFFILIATE PRJ.CLIENT400 -JPD,ARFC,LS,DCF_NT_MC,J&j CANADA AFFILIATE PRJ.CLIENT400 -JPD,9
2000.05.04,PORDCR,PORDCR01,53,2,SAPJPD,LI,0000650091,SAPJPD,SAPJPD,LI,0000650091,Vendor,2
2000.05.04,ORDERS,ORDERS03,70,2,SAPJPD,LI,0000000002,SAPJPD,SAPJPD,KU,3245615190,Customer,3
2000.05.04,ORDERS,ORDERS03,70,2,SAPJPD,LI,0000000002,SAPJPD,SAPJPD,KU,0000000255,Customer,2
2000.05.04,ORDERS,ORDERS03,68,2,SAPJPD,LI,0000000002,SAPJPD,SAPJPD,KU,0000001315,Customer,39
2000.05.04,ORDERS,ORDERS03,56,2,SAPJPD,LI,0000000002,SAPJPD,SAPJPD,KU,2248547002,Customer,1
2000.05.04,ORDERS,ORDERS03,53,2,SAPJPD,LI,0000000002,SAPJPD,SAPJPD,KU,0000200015,Customer,13
2000.05.04,ORDERS,ORDERS03,53,2,SAPJPD,LI,0000000002,SAPJPD,SAPJPD,KU,0000001396,Customer,2
2000.05.04,ORDERS,ORDERS03,53,2,SAPJPD,LI,0000000002,SAPJPD,SAPJPD,KU,0000001372,Customer,1
2000.05.04,ORDERS,ORDERS03,53,2,SAPJPD,LI,0000000002,SAPJPD,SAPJPD,KU,0000001361,Customer,3
2000.05.04,ORDERS,ORDERS03,53,2,SAPJPD,LI,0000000002,SAPJPD,SAPJPD,KU,0000001348,Customer,1
2000.05.04,ORDERS,ORDERS03,53,2,SAPJPD,LI,0000000002,SAPJPD,SAPJPD,KU,0000001344,Customer,1
2000.05.04,ORDERS,ORDERS03,53,2,SAPJPD,LI,0000000002,SAPJPD,SAPJPD,KU,0000001343,Customer,2
2000.05.04,ORDERS,ORDERS03,53,2,SAPJPD,LI,0000000002,SAPJPD,SAPJPD,KU,0000001338,Customer,1
2000.05.04,ORDERS,ORDERS03,53,2,SAPJPD,LI,0000000002,SAPJPD,SAPJPD,KU,0000001323,Customer,1
2000.05.04,ORDERS,ORDERS03,53,2,SAPJPD,LI,0000000002,SAPJPD,SAPJPD,KU,0000001320,Customer,2
2000.05.04,ORDERS,ORDERS03,53,2,SAPJPD,LI,0000000002,SAPJPD,SAPJPD,KU,0000001314,Customer,3
2000.05.04,ORDERS,ORDERS03,53,2,SAPJPD,LI,0000000002,SAPJPD,SAPJPD,KU,0000001311,Customer,3
2000.05.04,ORDERS,ORDERS03,53,2,SAPJPD,LI,0000000002,SAPJPD,SAPJPD,KU,0000001303,Customer,4
2000.05.04,ORDERS,ORDERS03,53,2,SAPJPD,LI,0000000002,SAPJPD,SAPJPD,KU,0000001298,Customer,1
2000.05.04,ORDERS,ORDERS03,53,2,SAPJPD,LI,0000000002,SAPJPD,SAPJPD,KU,0000001294,Customer,1
2000.05.04,ORDERS,ORDERS03,53,2,SAPJPD,LI,0000000002,SAPJPD,SAPJPD,KU,0000000329,Customer,5
2000.05.04,ORDERS,ORDERS03,53,2,SAPJPD,LI,0000000002,SAPJPD,SAPJPD,KU,0000000255,Customer,3
2000.05.03,WMTOCO,WMTCID02,53,2,SAPJPD,LS,JJCDNAF400,J&j CANADA AFFILIATE PRJ.CLIENT400 -JPD,ARFC,LS,DCF_NT_MC,J&j CANADA AFFILIATE PRJ.CLIENT400 -JPD,77
2000.05.03,WMMBXY,WMMBID02,70,2,SAPJPD,LI,0000000002,SAPJPD,SAPJPD,LI,0002000110,Vendor,4
2000.05.03,WMMBXY,WMMBID02,68,2,SAPJPD,LI,0000000002,SAPJPD,SAPJPD,LI,0002000110,Vendor,4
2000.05.03,WMMBXY,WMMBID02,53,2,SAPJPD,LI,0000000002,SAPJPD,SAPJPD,LI,0002000110,Vendor,18
2000.05.03,SHPCON,DELVRY01,70,2,SAPJPD,LI,0000000002,SAPJPD,SAPJPD,LI,0002000110,Vendor,2
2000.05.03,SHPCON,DELVRY01,68,2,SAPJPD,LI,0000000002,SAPJPD,SAPJPD,LI,0002000110,Vendor,2
2000.05.03,SHPCON,DELVRY01,53,2,SAPJPD,LI,0000000002,SAPJPD,SAPJPD,LI,0002000110,Vendor,64
2000.05.03,SDPACK,SDPAID01,53,2,SAPJPD,LS,JJCDNAF400,J&j CANADA AFFILIATE PRJ.CLIENT400 -JPD,ARFC,LS,DCF_NT_MC,J&j CANADA AFFILIATE PRJ.CLIENT400 -JPD,142
2000.05.03,SDPACK,SDPAID01,51,2,SAPJPD,LS,JJCDNAF400,J&j CANADA AFFILIATE PRJ.CLIENT400 -JPD,ARFC,LS,DCF_NT_MC,J&j CANADA AFFILIATE PRJ.CLIENT400 -JPD,10
2000.05.03,PORDCR,PORDCR01,53,2,SAPJPD,LI,0000650091,SAPJPD,SAPJPD,LI,0000650091,Vendor,1
2000.05.03,ORDERS,ORDERS03,70,2,SAPJPD,LI,0000000002,SAPJPD,SAPJPD,KU,0000001371,Customer,2
2000.05.03,ORDERS,ORDERS03,70,2,SAPJPD,LI,0000000002,SAPJPD,SAPJPD,KU,0000001320,Customer,1
2000.05.03,ORDERS,ORDERS03,70,2,SAPJPD,LI,0000000002,SAPJPD,SAPJPD,KU,0000001293,Customer,1
2000.05.03,ORDERS,ORDERS03,68,2,SAPJPD,LI,0000000002,SAPJPD,SAPJPD,KU,0000001376,Customer,1
2000.05.03,ORDERS,ORDERS03,53,2,SAPJPD,LI,0000000002,SAPJPD,SAPJPD,KU,0000200020,Customer,3
2000.05.03,ORDERS,ORDERS03,53,2,SAPJPD,LI,0000000002,SAPJPD,SAPJPD,KU,0000200015,Customer,14
2000.05.03,ORDERS,ORDERS03,53,2,SAPJPD,LI,0000000002,SAPJPD,SAPJPD,KU,0000001600,Customer,3
2000.05.03,ORDERS,ORDERS03,53,2,SAPJPD,LI,0000000002,SAPJPD,SAPJPD,KU,0000001532,Customer,1
2000.05.03,ORDERS,ORDERS03,53,2,SAPJPD,LI,0000000002,SAPJPD,SAPJPD,KU,0000001376,Customer,2
2000.05.03,ORDERS,ORDERS03,53,2,SAPJPD,LI,0000000002,SAPJPD,SAPJPD,KU,0000001371,Customer,2
2000.05.03,ORDERS,ORDERS03,53,2,SAPJPD,LI,0000000002,SAPJPD,SAPJPD,KU,0000001361,Customer,2
2000.05.03,ORDERS,ORDERS03,53,2,SAPJPD,LI,0000000002,SAPJPD,SAPJPD,KU,0000001343,Customer,3
2000.05.03,ORDERS,ORDERS03,53,2,SAPJPD,LI,0000000002,SAPJPD,SAPJPD,KU,0000001339,Customer,2
2000.05.03,ORDERS,ORDERS03,53,2,SAPJPD,LI,0000000002,SAPJPD,SAPJPD,KU,0000001320,Customer,5
2000.05.03,ORDERS,ORDERS03,53,2,SAPJPD,LI,0000000002,SAPJPD,SAPJPD,KU,0000001316,Customer,1
2000.05.03,ORDERS,ORDERS03,53,2,SAPJPD,LI,0000000002,SAPJPD,SAPJPD,KU,0000001311,Customer,1
2000.05.03,ORDERS,ORDERS03,53,2,SAPJPD,LI,0000000002,SAPJPD,SAPJPD,KU,0000001303,Customer,4
2000.05.03,ORDERS,ORDERS03,53,2,SAPJPD,LI,0000000002,SAPJPD,SAPJPD,KU,0000001300,Customer,1
2000.05.03,ORDERS,ORDERS03,53,2,SAPJPD,LI,0000000002,SAPJPD,SAPJPD,KU,0000001298,Customer,1
2000.05.03,ORDERS,ORDERS03,53,2,SAPJPD,LI,0000000002,SAPJPD,SAPJPD,KU,0000001295,Customer,1
2000.05.03,ORDERS,ORDERS03,53,2,SAPJPD,LI,0000000002,SAPJPD,SAPJPD,KU,0000001293,Customer,1
2000.05.03,ORDERS,ORDERS03,53,2,SAPJPD,LI,0000000002,SAPJPD,SAPJPD,KU,0000001292,Customer,1
2000.05.03,ORDERS,ORDERS03,53,2,SAPJPD,LI,0000000002,SAPJPD,SAPJPD,KU,0000000329,Customer,3
2000.05.03,ORDERS,ORDERS03,53,2,SAPJPD,LI,0000000002,SAPJPD,SAPJPD,KU,0000000276,Customer,1
2000.05.03,ORDERS,ORDERS03,53,2,SAPJPD,LI,0000000002,SAPJPD,SAPJPD,KU,0000000256,Customer,5
2000.05.03,ORDERS,ORDERS03,53,2,SAPJPD,LI,0000000002,SAPJPD,SAPJPD,KU,0000000016,Customer,2
2000.05.03,ACC_EMPLOYEE_PAY,ACC_EMPLOYEE_PAY01,53,2,SAPJPD,LS,JJCDNAF400,J&j CANADA AFFILIATE PRJ.CLIENT400 -JPD,SAPHRP,LS,JJCDNHR180,J&j CANADA AFFILIATE PRJ.CLIENT400 -JPD,2
2000.05.03,ACC_EMPLOYEE_EXP,ACC_EMPLOYEE_EXP01,53,2,SAPJPD,LS,JJCDNAF400,J&j CANADA AFFILIATE PRJ.CLIENT400 -JPD,SAPHRP,LS,JJCDNHR180,J&j CANADA AFFILIATE PRJ.CLIENT400 -JPD,2
2000.05.02,WMTOCO,WMTCID02,53,2,SAPJPD,LS,JJCDNAF400,J&j CANADA AFFILIATE PRJ.CLIENT400 -JPD,ARFC,LS,DCF_NT_MC,J&j CANADA AFFILIATE PRJ.CLIENT400 -JPD,139
2000.05.02,WMTOCO,WMTCID02,51,2,SAPJPD,LS,JJCDNAF400,J&j CANADA AFFILIATE PRJ.CLIENT400 -JPD,ARFC,LS,DCF_NT_MC,J&j CANADA AFFILIATE PRJ.CLIENT400 -JPD,4
2000.05.02,WMMBXY,WMMBID02,53,2,SAPJPD,LI,0000000002,SAPJPD,SAPJPD,LI,0002000110,Vendor,6
2000.05.02,SHPCON,DELVRY01,70,2,SAPJPD,LI,0000000002,SAPJPD,SAPJPD,LI,0002000110,Vendor,12
2000.05.02,SHPCON,DELVRY01,53,2,SAPJPD,LI,0000000002,SAPJPD,SAPJPD,LI,0002000110,Vendor,32
2000.05.02,SDPACK,SDPAID01,53,2,SAPJPD,LS,JJCDNAF400,J&j CANADA AFFILIATE PRJ.CLIENT400 -JPD,ARFC,LS,DCF_NT_MC,J&j CANADA AFFILIATE PRJ.CLIENT400 -JPD,259
2000.05.02,SDPACK,SDPAID01,51,2,SAPJPD,LS,JJCDNAF400,J&j CANADA AFFILIATE PRJ.CLIENT400 -JPD,ARFC,LS,DCF_NT_MC,J&j CANADA AFFILIATE PRJ.CLIENT400 -JPD,22
2000.05.02,PORDCR,PORDCR01,53,2,SAPJPD,LI,0002000110,SAPJPD,SAPJPD,LI,0002000110,Vendor,5
2000.05.02,PORDCR,PORDCR01,53,2,SAPJPD,LI,0000650091,SAPJPD,SAPJPD,LI,0000650091,Vendor,1
2000.05.02,ORDERS,ORDERS03,70,2,SAPJPD,LI,0000000002,SAPJPD,SAPJPD,KU,3245615190,Customer,1
2000.05.02,ORDERS,ORDERS03,70,2,SAPJPD,LI,0000000002,SAPJPD,SAPJPD,KU,0000001367,Customer,1
2000.05.02,ORDERS,ORDERS03,53,2,SAPJPD,LI,0000000002,SAPJPD,SAPJPD,KU,0000200020,Customer,2
2000.05.02,ORDERS,ORDERS03,53,2,SAPJPD,LI,0000000002,SAPJPD,SAPJPD,KU,0000200015,Customer,17
2000.05.02,ORDERS,ORDERS03,53,2,SAPJPD,LI,0000000002,SAPJPD,SAPJPD,KU,0000001534,Customer,12
2000.05.02,ORDERS,ORDERS03,53,2,SAPJPD,LI,0000000002,SAPJPD,SAPJPD,KU,0000001532,Customer,8
2000.05.02,ORDERS,ORDERS03,53,2,SAPJPD,LI,0000000002,SAPJPD,SAPJPD,KU,0000001422,Customer,2
2000.05.02,ORDERS,ORDERS03,53,2,SAPJPD,LI,0000000002,SAPJPD,SAPJPD,KU,0000001376,Customer,3
2000.05.02,ORDERS,ORDERS03,53,2,SAPJPD,LI,0000000002,SAPJPD,SAPJPD,KU,0000001364,Customer,1
2000.05.02,ORDERS,ORDERS03,53,2,SAPJPD,LI,0000000002,SAPJPD,SAPJPD,KU,0000001341,Customer,1
2000.05.02,ORDERS,ORDERS03,53,2,SAPJPD,LI,0000000002,SAPJPD,SAPJPD,KU,0000001315,Customer,1
2000.05.02,ORDERS,ORDERS03,53,2,SAPJPD,LI,0000000002,SAPJPD,SAPJPD,KU,0000001311,Customer,3
2000.05.02,ORDERS,ORDERS03,53,2,SAPJPD,LI,0000000002,SAPJPD,SAPJPD,KU,0000001303,Customer,2
2000.05.02,ORDERS,ORDERS03,53,2,SAPJPD,LI,0000000002,SAPJPD,SAPJPD,KU,0000001298,Customer,7
2000.05.02,ORDERS,ORDERS03,53,2,SAPJPD,LI,0000000002,SAPJPD,SAPJPD,KU,0000001297,Customer,1
2000.05.02,ORDERS,ORDERS03,53,2,SAPJPD,LI,0000000002,SAPJPD,SAPJPD,KU,0000001295,Customer,1
2000.05.02,ORDERS,ORDERS03,53,2,SAPJPD,LI,0000000002,SAPJPD,SAPJPD,KU,0000000329,Customer,7
2000.05.02,ORDERS,ORDERS03,53,2,SAPJPD,LI,0000000002,SAPJPD,SAPJPD,KU,0000000276,Customer,1
2000.05.02,ORDERS,ORDERS03,53,2,SAPJPD,LI,0000000002,SAPJPD,SAPJPD,KU,0000000256,Customer,5
2000.05.02,ORDERS,ORDERS03,53,2,SAPJPD,LI,0000000002,SAPJPD,SAPJPD,KU,0000000016,Customer,3
2000.05.01,WMTOCO,WMTCID02,53,2,SAPJPD,LS,JJCDNAF400,J&j CANADA AFFILIATE PRJ.CLIENT400 -JPD,ARFC,LS,DCF_NT_MC,J&j CANADA AFFILIATE PRJ.CLIENT400 -JPD,103
2000.05.01,WMMBXY,WMMBID02,70,2,SAPJPD,LI,0000000002,SAPJPD,SAPJPD,LI,0002000110,Vendor,1
2000.05.01,WMMBXY,WMMBID02,68,2,SAPJPD,LI,0000000002,SAPJPD,SAPJPD,LI,0002000110,Vendor,1
2000.05.01,WMMBXY,WMMBID02,53,2,SAPJPD,LI,0000000002,SAPJPD,SAPJPD,LI,0002000110,Vendor,13
2000.05.01,SHPCON,DELVRY01,53,2,SAPJPD,LI,0000000002,SAPJPD,SAPJPD,LI,0002000110,Vendor,1
2000.05.01,SDPACK,SDPAID01,53,2,SAPJPD,LS,JJCDNAF400,J&j CANADA AFFILIATE PRJ.CLIENT400 -JPD,ARFC,LS,DCF_NT_MC,J&j CANADA AFFILIATE PRJ.CLIENT400 -JPD,205
2000.05.01,PORDCR,PORDCR01,68,2,SAPJPD,LI,0002000110,SAPJPD,SAPJPD,LI,0002000110,Vendor,6
2000.05.01,PORDCR,PORDCR01,53,2,SAPJPD,LI,0002000110,SAPJPD,SAPJPD,LI,0002000110,Vendor,4
2000.05.01,ORDERS,ORDERS03,70,2,SAPJPD,LI,0000000002,SAPJPD,SAPJPD,KU,0000001299,Customer,1
2000.05.01,ORDERS,ORDERS03,70,2,SAPJPD,LI,0000000002,SAPJPD,SAPJPD,KU,0000001297,Customer,1
2000.05.01,ORDERS,ORDERS03,53,2,SAPJPD,LI,0000000002,SAPJPD,SAPJPD,KU,0000200015,Customer,9
2000.05.01,ORDERS,ORDERS03,53,2,SAPJPD,LI,0000000002,SAPJPD,SAPJPD,KU,0000001534,Customer,9
2000.05.01,ORDERS,ORDERS03,53,2,SAPJPD,LI,0000000002,SAPJPD,SAPJPD,KU,0000001532,Customer,3
2000.05.01,ORDERS,ORDERS03,53,2,SAPJPD,LI,0000000002,SAPJPD,SAPJPD,KU,0000001350,Customer,1
2000.05.01,ORDERS,ORDERS03,53,2,SAPJPD,LI,0000000002,SAPJPD,SAPJPD,KU,0000001347,Customer,1
2000.05.01,ORDERS,ORDERS03,53,2,SAPJPD,LI,0000000002,SAPJPD,SAPJPD,KU,0000001343,Customer,2
2000.05.01,ORDERS,ORDERS03,53,2,SAPJPD,LI,0000000002,SAPJPD,SAPJPD,KU,0000001323,Customer,2
2000.05.01,ORDERS,ORDERS03,53,2,SAPJPD,LI,0000000002,SAPJPD,SAPJPD,KU,0000001297,Customer,3
2000.05.01,ORDERS,ORDERS03,53,2,SAPJPD,LI,0000000002,SAPJPD,SAPJPD,KU,0000000329,Customer,3
2000.05.01,ORDERS,ORDERS03,53,2,SAPJPD,LI,0000000002,SAPJPD,SAPJPD,KU,0000000276,Customer,3
2000.05.01,ORDERS,ORDERS03,53,2,SAPJPD,LI,0000000002,SAPJPD,SAPJPD,KU,0000000016,Customer,1
2000.05.01,ACC_EMPLOYEE_PAY,ACC_EMPLOYEE_PAY01,53,2,SAPJPD,LS,JJCDNAF400,J&j CANADA AFFILIATE PRJ.CLIENT400 -JPD,SAPHRP,LS,JJCDNHR180,J&j CANADA AFFILIATE PRJ.CLIENT400 -JPD,2
2000.05.01,ACC_EMPLOYEE_EXP,ACC_EMPLOYEE_EXP01,53,2,SAPJPD,LS,JJCDNAF400,J&j CANADA AFFILIATE PRJ.CLIENT400 -JPD,SAPHRP,LS,JJCDNHR180,J&j CANADA AFFILIATE PRJ.CLIENT400 -JPD,4
2000.04.30,WMTORD,WMTOID01,53,2,SAPJPD,LS,JJCDNAF400,J&j CANADA AFFILIATE PRJ.CLIENT400 -JPD,ARFC,LS,DCF_NT_MC,J&j CANADA AFFILIATE PRJ.CLIENT400 -JPD,1
2000.04.30,WMTOCO,WMTCID02,53,2,SAPJPD,LS,JJCDNAF400,J&j CANADA AFFILIATE PRJ.CLIENT400 -JPD,ARFC,LS,DCF_NT_MC,J&j CANADA AFFILIATE PRJ.CLIENT400 -JPD,2
2000.04.30,SDPACK,SDPAID01,53,2,SAPJPD,LS,JJCDNAF400,J&j CANADA AFFILIATE PRJ.CLIENT400 -JPD,ARFC,LS,DCF_NT_MC,J&j CANADA AFFILIATE PRJ.CLIENT400 -JPD,3
2000.04.30,SDPACK,SDPAID01,51,2,SAPJPD,LS,JJCDNAF400,J&j CANADA AFFILIATE PRJ.CLIENT400 -JPD,ARFC,LS,DCF_NT_MC,J&j CANADA AFFILIATE PRJ.CLIENT400 -JPD,1
2000.04.30,ORDERS,ORDERS03,53,2,SAPJPD,LI,0000000002,SAPJPD,SAPJPD,KU,0000200015,Customer,48
2000.04.30,ORDERS,ORDERS03,53,2,SAPJPD,LI,0000000002,SAPJPD,SAPJPD,KU,0000001600,Customer,1
2000.04.30,ORDERS,ORDERS03,53,2,SAPJPD,LI,0000000002,SAPJPD,SAPJPD,KU,0000001534,Customer,1
2000.04.30,ORDERS,ORDERS03,53,2,SAPJPD,LI,0000000002,SAPJPD,SAPJPD,KU,0000001396,Customer,4
2000.04.30,ORDERS,ORDERS03,53,2,SAPJPD,LI,0000000002,SAPJPD,SAPJPD,KU,0000001376,Customer,2
2000.04.30,ORDERS,ORDERS03,53,2,SAPJPD,LI,0000000002,SAPJPD,SAPJPD,KU,0000001361,Customer,4
2000.04.30,ORDERS,ORDERS03,53,2,SAPJPD,LI,0000000002,SAPJPD,SAPJPD,KU,0000001343,Customer,2
2000.04.30,ORDERS,ORDERS03,53,2,SAPJPD,LI,0000000002,SAPJPD,SAPJPD,KU,0000001320,Customer,8
2000.04.30,ORDERS,ORDERS03,53,2,SAPJPD,LI,0000000002,SAPJPD,SAPJPD,KU,0000001316,Customer,2
2000.04.30,ORDERS,ORDERS03,53,2,SAPJPD,LI,0000000002,SAPJPD,SAPJPD,KU,0000001311,Customer,5
2000.04.30,ORDERS,ORDERS03,53,2,SAPJPD,LI,0000000002,SAPJPD,SAPJPD,KU,0000001303,Customer,5
2000.04.30,ORDERS,ORDERS03,53,2,SAPJPD,LI,0000000002,SAPJPD,SAPJPD,KU,0000001298,Customer,1
2000.04.30,ORDERS,ORDERS03,53,2,SAPJPD,LI,0000000002,SAPJPD,SAPJPD,KU,0000001297,Customer,1
2000.04.30,ORDERS,ORDERS03,53,2,SAPJPD,LI,0000000002,SAPJPD,SAPJPD,KU,0000001295,Customer,5
2000.04.30,ORDERS,ORDERS03,53,2,SAPJPD,LI,0000000002,SAPJPD,SAPJPD,KU,0000001293,Customer,2
2000.04.30,ORDERS,ORDERS03,53,2,SAPJPD,LI,0000000002,SAPJPD,SAPJPD,KU,0000001292,Customer,1
2000.04.30,ORDERS,ORDERS03,53,2,SAPJPD,LI,0000000002,SAPJPD,SAPJPD,KU,0000000276,Customer,1
2000.04.30,ORDERS,ORDERS03,53,2,SAPJPD,LI,0000000002,SAPJPD,SAPJPD,KU,0000000016,Customer,2
2000.04.30,ORDERS,ORDERS03,51,2,SAPJPD,LI,0000000002,SAPJPD,SAPJPD,KU,0000001367,Customer,1
2000.04.28,PORDCR,PORDCR01,53,2,SAPJPD,LI,0002000110,SAPJPD,SAPJPD,LI,0002000110,Vendor,21
2000.03.07,PORDCR,PORDCR01,56,2,SAPJDV,LI,0000000002,SAPJDV,SAPJDV,LI,0000000002,Vendor,99
2000.03.06,PORDCR,PORDCR01,56,2,SAPJDV,LI,0000000002,SAPJDV,SAPJDV,LI,0000000002,Vendor,4
2000.03.05,PORDCR,PORDCR01,56,2,SAPJDV,LI,0000000002,SAPJDV,SAPJDV,LI,0000000002,Vendor,6
1999.06.28,ORDERS,ORDERS03,60,2,SAPJDV,LI,0000000002,SAPJDV,fred01,KU,0000110000,Customer,1
1999.06.28,ORDERS,ORDERS03,60,2,SAPJDV,LI,0000000002,SAPJDV,SAPT01,KU,0000110000,Customer,1
1999.06.28,ORDERS,ORDERS03,56,2,SAPT02,LI,0000000002,SAPT02,SAPT02,KU,0000110000,Customer,1
1999.06.28,ORDERS,ORDERS03,56,2,SAPT02,LI,0000000002,SAPT02,SAPT02,KU,,Customer,1
1999.06.28,ORDERS,ORDERS03,56,2,SAPT02,LI,0000000002,SAPT02,SAPQAS,KU,0000110000,Customer,1
1999.06.28,ORDERS,ORDERS03,56,2,SAPT01,LI,0000000002,SAPT01,SAPT01,KU,0000110000,Customer,1
1999.06.28,ORDERS,2   ORDERS03,56,2,SAPT02,,LI  2,,SAPT02,,KURE,KURE,1
2000.05.17,SHPORD,DELVRY01,33,1,SAPT02,LI,0002000110,SAPT02,SAPJPD,LS,0000003000,SAPJPD,1
2000.05.16,SHPORD,DELVRY01,03,1,SAPT02,LI,0002000110,SAPT02,SAPJPD,LS,0000003000,SAPJPD,9
2000.05.16,INVOIC,INVOIC02,03,1,SAPT02,KU,0000200015,SAPT02,SAPJPD,LS,0000003000,SAPJPD,16
2000.05.16,INVOIC,INVOIC02,03,1,SAPT02,KU,0000200015,SAPT02,SAPJPD,LS,0000002000,SAPJPD,39
2000.05.16,INVOIC,INVOIC02,03,1,SAPT02,KU,0000200013,SAPT02,SAPJPD,LS,0000002000,SAPJPD,2
2000.05.16,INVOIC,INVOIC02,03,1,SAPT02,KU,0000001600,SAPT02,SAPJPD,LS,0000002000,SAPJPD,2
2000.05.16,INVOIC,INVOIC02,03,1,SAPT02,KU,0000001534,SAPT02,SAPJPD,LS,0000003000,SAPJPD,3
2000.05.16,INVOIC,INVOIC02,03,1,SAPT02,KU,0000001376,SAPT02,SAPJPD,LS,0000003000,SAPJPD,2
2000.05.16,INVOIC,INVOIC02,03,1,SAPT02,KU,0000001311,SAPT02,SAPJPD,LS,0000002000,SAPJPD,1
2000.05.16,INVOIC,INVOIC02,03,1,SAPT02,KU,0000001303,SAPT02,SAPJPD,LS,0000003000,SAPJPD,4
2000.05.16,INVOIC,INVOIC02,03,1,SAPT02,KU,0000001303,SAPT02,SAPJPD,LS,0000002000,SAPJPD,3
2000.05.16,INVOIC,INVOIC02,03,1,SAPT02,KU,0000001298,SAPT02,SAPJPD,LS,0000003000,SAPJPD,2
2000.05.16,INVOIC,INVOIC02,03,1,SAPT02,KU,0000001298,SAPT02,SAPJPD,LS,0000002000,SAPJPD,1
2000.05.16,INVOIC,INVOIC02,03,1,SAPT02,KU,0000001295,SAPT02,SAPJPD,LS,0000003000,SAPJPD,2
2000.05.15,SHPORD,DELVRY01,03,1,SAPT02,LI,0002000110,SAPT02,SAPJPD,LS,0000003000,SAPJPD,56
2000.05.15,ORDERS,ORDERS03,03,1,SAPT02,LI,0002000110,SAPT02,SAPJPD,LS,0000003000,SAPJPD,2
2000.05.15,ORDERS,ORDERS03,03,1,SAPT02,KU,0000200015,SAPT02,SAPJPD,LS,0000002000,SAPJPD,12
2000.05.15,ORDERS,ORDERS03,03,1,SAPT02,KU,0000000309,SAPT02,SAPJPD,LS,0000002000,SAPJPD,10
2000.05.15,INVOIC,INVOIC02,03,1,SAPT02,KU,0000200015,SAPT02,SAPJPD,LS,0000003000,SAPJPD,3
2000.05.15,INVOIC,INVOIC02,03,1,SAPT02,KU,0000001303,SAPT02,SAPJPD,LS,0000001000,SAPJPD,1
2000.05.15,INVOIC,INVOIC02,03,1,SAPT02,KU,0000001292,SAPT02,SAPJPD,LS,0000003000,SAPJPD,1
2000.05.15,DESADV,DESADV01,03,1,SAPT02,KU,0000000329,SAPT02,SAPJPD,LS,0000002000,SAPJPD,6
2000.05.15,DESADV,DESADV01,03,1,SAPT02,KU,0000000329,SAPT02,SAPJPD,LS,0000001000,SAPJPD,14
2000.05.14,SHPORD,DELVRY01,03,1,SAPT02,LI,0002000110,SAPT02,SAPJPD,LS,0000003000,SAPJPD,9
2000.05.14,INVOIC,INVOIC02,03,1,SAPT02,KU,0000200015,SAPT02,SAPJPD,LS,0000003000,SAPJPD,11
2000.05.14,INVOIC,INVOIC02,03,1,SAPT02,KU,0000200013,SAPT02,SAPJPD,LS,0000003000,SAPJPD,4
2000.05.14,INVOIC,INVOIC02,03,1,SAPT02,KU,0000001376,SAPT02,SAPJPD,LS,0000003000,SAPJPD,2
2000.05.14,INVOIC,INVOIC02,03,1,SAPT02,KU,0000001303,SAPT02,SAPJPD,LS,0000003000,SAPJPD,2
2000.05.14,INVOIC,INVOIC02,03,1,SAPT02,KU,0000001298,SAPT02,SAPJPD,LS,0000003000,SAPJPD,1
2000.05.14,INVOIC,INVOIC02,03,1,SAPT02,KU,0000000276,SAPT02,SAPJPD,LS,0000003000,SAPJPD,29
2000.05.13,INVOIC,INVOIC02,03,1,SAPT02,KU,0000200015,SAPT02,SAPJPD,LS,0000003000,SAPJPD,2
2000.05.13,INVOIC,INVOIC02,03,1,SAPT02,KU,0000200015,SAPT02,SAPJPD,LS,0000002000,SAPJPD,15
2000.05.13,INVOIC,INVOIC02,03,1,SAPT02,KU,0000001600,SAPT02,SAPJPD,LS,0000002000,SAPJPD,2
2000.05.13,INVOIC,INVOIC02,03,1,SAPT02,KU,0000001534,SAPT02,SAPJPD,LS,0000002000,SAPJPD,10
2000.05.13,INVOIC,INVOIC02,03,1,SAPT02,KU,0000001532,SAPT02,SAPJPD,LS,0000002000,SAPJPD,7
2000.05.13,INVOIC,INVOIC02,03,1,SAPT02,KU,0000001376,SAPT02,SAPJPD,LS,0000003000,SAPJPD,2
2000.05.13,INVOIC,INVOIC02,03,1,SAPT02,KU,0000001303,SAPT02,SAPJPD,LS,0000001000,SAPJPD,1
2000.05.13,INVOIC,INVOIC02,03,1,SAPT02,KU,0000001298,SAPT02,SAPJPD,LS,0000002000,SAPJPD,1
2000.05.13,INVOIC,INVOIC02,03,1,SAPT02,KU,0000000276,SAPT02,SAPJPD,LS,0000002000,SAPJPD,1
2000.05.12,SHPORD,DELVRY01,03,1,SAPT02,LI,0002000110,SAPT02,SAPJPD,LS,0000003000,SAPJPD,234
2000.05.12,ORDERS,ORDERS03,03,1,SAPT02,LI,0002000110,SAPT02,SAPJPD,LS,0000003000,SAPJPD,8
2000.05.12,ORDERS,ORDERS03,03,1,SAPT02,KU,0000200015,SAPT02,SAPJPD,LS,0000002000,SAPJPD,36
2000.05.12,INVOIC,INVOIC02,03,1,SAPT02,KU,0000200025,SAPT02,SAPJPD,LS,0000002000,SAPJPD,1
2000.05.12,INVOIC,INVOIC02,03,1,SAPT02,KU,0000200015,SAPT02,SAPJPD,LS,0000003000,SAPJPD,25
2000.05.12,INVOIC,INVOIC02,03,1,SAPT02,KU,0000200015,SAPT02,SAPJPD,LS,0000002000,SAPJPD,9
2000.05.12,INVOIC,INVOIC02,03,1,SAPT02,KU,0000200013,SAPT02,SAPJPD,LS,0000003000,SAPJPD,6
2000.05.12,INVOIC,INVOIC02,03,1,SAPT02,KU,0000001600,SAPT02,SAPJPD,LS,0000002000,SAPJPD,1
2000.05.12,INVOIC,INVOIC02,03,1,SAPT02,KU,0000001534,SAPT02,SAPJPD,LS,0000003000,SAPJPD,4
2000.05.12,INVOIC,INVOIC02,03,1,SAPT02,KU,0000001534,SAPT02,SAPJPD,LS,0000002000,SAPJPD,1
2000.05.12,INVOIC,INVOIC02,03,1,SAPT02,KU,0000001376,SAPT02,SAPJPD,LS,0000003000,SAPJPD,2
2000.05.12,INVOIC,INVOIC02,03,1,SAPT02,KU,0000001338,SAPT02,SAPJPD,LS,0000002000,SAPJPD,1
2000.05.12,INVOIC,INVOIC02,03,1,SAPT02,KU,0000001303,SAPT02,SAPJPD,LS,0000003000,SAPJPD,2
2000.05.12,INVOIC,INVOIC02,03,1,SAPT02,KU,0000001303,SAPT02,SAPJPD,LS,0000002000,SAPJPD,2
2000.05.12,INVOIC,INVOIC02,03,1,SAPT02,KU,0000001303,SAPT02,SAPJPD,LS,0000001000,SAPJPD,1
2000.05.12,INVOIC,INVOIC02,03,1,SAPT02,KU,0000001298,SAPT02,SAPJPD,LS,0000003000,SAPJPD,2
2000.05.12,INVOIC,INVOIC02,03,1,SAPT02,KU,0000001298,SAPT02,SAPJPD,LS,0000002000,SAPJPD,3
2000.05.12,INVOIC,INVOIC02,03,1,SAPT02,KU,0000000276,SAPT02,SAPJPD,LS,0000003000,SAPJPD,3
2000.05.12,INVOIC,INVOIC02,03,1,SAPT02,KU,0000000276,SAPT02,SAPJPD,LS,0000002000,SAPJPD,1
2000.05.12,DESADV,DESADV01,03,1,SAPT02,KU,0000000329,SAPT02,SAPJPD,LS,0000002000,SAPJPD,2
2000.05.12,DESADV,DESADV01,03,1,SAPT02,KU,0000000329,SAPT02,SAPJPD,LS,0000001000,SAPJPD,4
2000.05.11,SHPORD,DELVRY01,03,1,SAPT02,LI,0002000110,SAPT02,SAPJPD,LS,0000003000,SAPJPD,58
2000.05.11,ORDERS,ORDERS03,03,1,SAPT02,LI,0002000110,SAPT02,SAPJPD,LS,0000003000,SAPJPD,5
2000.05.11,ORDERS,ORDERS03,03,1,SAPT02,KU,0000000309,SAPT02,SAPJPD,LS,0000002000,SAPJPD,8
2000.05.11,INVOIC,INVOIC02,03,1,SAPT02,KU,0000200015,SAPT02,SAPJPD,LS,0000003000,SAPJPD,10
2000.05.11,INVOIC,INVOIC02,03,1,SAPT02,KU,0000200015,SAPT02,SAPJPD,LS,0000002000,SAPJPD,7
2000.05.11,INVOIC,INVOIC02,03,1,SAPT02,KU,0000200013,SAPT02,SAPJPD,LS,0000003000,SAPJPD,1
2000.05.11,INVOIC,INVOIC02,03,1,SAPT02,KU,0000001600,SAPT02,SAPJPD,LS,0000002000,SAPJPD,1
2000.05.11,INVOIC,INVOIC02,03,1,SAPT02,KU,0000001534,SAPT02,SAPJPD,LS,0000003000,SAPJPD,5
2000.05.11,INVOIC,INVOIC02,03,1,SAPT02,KU,0000001347,SAPT02,SAPJPD,LS,0000003000,SAPJPD,1
2000.05.11,INVOIC,INVOIC02,03,1,SAPT02,KU,0000001338,SAPT02,SAPJPD,LS,0000003000,SAPJPD,1
2000.05.11,INVOIC,INVOIC02,03,1,SAPT02,KU,0000001311,SAPT02,SAPJPD,LS,0000002000,SAPJPD,1
2000.05.11,INVOIC,INVOIC02,03,1,SAPT02,KU,0000001303,SAPT02,SAPJPD,LS,0000003000,SAPJPD,3
2000.05.11,INVOIC,INVOIC02,03,1,SAPT02,KU,0000001303,SAPT02,SAPJPD,LS,0000002000,SAPJPD,3
2000.05.11,INVOIC,INVOIC02,03,1,SAPT02,KU,0000001303,SAPT02,SAPJPD,LS,0000001000,SAPJPD,1
2000.05.11,INVOIC,INVOIC02,03,1,SAPT02,KU,0000001298,SAPT02,SAPJPD,LS,0000002000,SAPJPD,2
2000.05.11,INVOIC,INVOIC02,03,1,SAPT02,KU,0000001295,SAPT02,SAPJPD,LS,0000003000,SAPJPD,1
2000.05.11,INVOIC,INVOIC02,03,1,SAPT02,KU,0000001295,SAPT02,SAPJPD,LS,0000002000,SAPJPD,1
2000.05.11,INVOIC,INVOIC02,03,1,SAPT02,KU,0000001292,SAPT02,SAPJPD,LS,0000002000,SAPJPD,1
2000.05.11,INVOIC,INVOIC02,03,1,SAPT02,KU,0000000276,SAPT02,SAPJPD,LS,0000003000,SAPJPD,1
2000.05.11,INVOIC,INVOIC02,03,1,SAPT02,KU,0000000276,SAPT02,SAPJPD,LS,0000002000,SAPJPD,1
2000.05.11,DESADV,DESADV01,03,1,SAPT02,KU,0000000329,SAPT02,SAPJPD,LS,0000002000,SAPJPD,4
2000.05.11,DESADV,DESADV01,03,1,SAPT02,KU,0000000329,SAPT02,SAPJPD,LS,0000001000,SAPJPD,5
2000.05.10,SHPORD,DELVRY01,03,1,SAPT02,LI,0002000110,SAPT02,SAPJPD,LS,0000003000,SAPJPD,42
2000.05.10,ORDERS,ORDERS03,03,1,SAPT02,LI,0002000110,SAPT02,SAPJPD,LS,0000003000,SAPJPD,5
2000.05.10,ORDERS,ORDERS03,03,1,SAPT02,KU,0000200015,SAPT02,SAPJPD,LS,0000002000,SAPJPD,53
2000.05.10,INVOIC,INVOIC02,03,1,SAPT02,KU,0000200015,SAPT02,SAPJPD,LS,0000003000,SAPJPD,11
2000.05.10,INVOIC,INVOIC02,03,1,SAPT02,KU,0000200015,SAPT02,SAPJPD,LS,0000002000,SAPJPD,12
2000.05.10,INVOIC,INVOIC02,03,1,SAPT02,KU,0000001600,SAPT02,SAPJPD,LS,0000002000,SAPJPD,6
2000.05.10,INVOIC,INVOIC02,03,1,SAPT02,KU,0000001534,SAPT02,SAPJPD,LS,0000003000,SAPJPD,2
2000.05.10,INVOIC,INVOIC02,03,1,SAPT02,KU,0000001347,SAPT02,SAPJPD,LS,0000003000,SAPJPD,1
2000.05.10,INVOIC,INVOIC02,03,1,SAPT02,KU,0000001338,SAPT02,SAPJPD,LS,0000003000,SAPJPD,1
2000.05.10,INVOIC,INVOIC02,03,1,SAPT02,KU,0000001338,SAPT02,SAPJPD,LS,0000002000,SAPJPD,2
2000.05.10,INVOIC,INVOIC02,03,1,SAPT02,KU,0000001311,SAPT02,SAPJPD,LS,0000002000,SAPJPD,3
2000.05.10,INVOIC,INVOIC02,03,1,SAPT02,KU,0000001303,SAPT02,SAPJPD,LS,0000003000,SAPJPD,3
2000.05.10,INVOIC,INVOIC02,03,1,SAPT02,KU,0000001303,SAPT02,SAPJPD,LS,0000002000,SAPJPD,1
2000.05.10,INVOIC,INVOIC02,03,1,SAPT02,KU,0000001298,SAPT02,SAPJPD,LS,0000003000,SAPJPD,2
2000.05.10,INVOIC,INVOIC02,03,1,SAPT02,KU,0000001295,SAPT02,SAPJPD,LS,0000003000,SAPJPD,2
2000.05.10,INVOIC,INVOIC02,03,1,SAPT02,KU,0000001295,SAPT02,SAPJPD,LS,0000002000,SAPJPD,1
2000.05.10,INVOIC,INVOIC02,03,1,SAPT02,KU,0000000276,SAPT02,SAPJPD,LS,0000003000,SAPJPD,3
2000.05.10,INVOIC,INVOIC02,03,1,SAPT02,KU,0000000276,SAPT02,SAPJPD,LS,0000002000,SAPJPD,1
2000.05.10,DESADV,DESADV01,03,1,SAPT02,KU,0000000329,SAPT02,SAPJPD,LS,0000002000,SAPJPD,6
2000.05.10,DESADV,DESADV01,03,1,SAPT02,KU,0000000329,SAPT02,SAPJPD,LS,0000001000,SAPJPD,1
2000.05.09,SHPORD,DELVRY01,03,1,SAPT02,LI,0002000110,SAPT02,SAPJPD,LS,0000003000,SAPJPD,91
2000.05.09,ORDERS,ORDERS03,03,1,SAPT02,LI,0002000110,SAPT02,SAPJPD,LS,0000003000,SAPJPD,8
2000.05.09,INVOIC,INVOIC02,03,1,SAPT02,KU,0000200015,SAPT02,SAPJPD,LS,0000003000,SAPJPD,7
2000.05.09,INVOIC,INVOIC02,03,1,SAPT02,KU,0000200015,SAPT02,SAPJPD,LS,0000002000,SAPJPD,8
2000.05.09,INVOIC,INVOIC02,03,1,SAPT02,KU,0000200013,SAPT02,SAPJPD,LS,0000003000,SAPJPD,4
2000.05.09,INVOIC,INVOIC02,03,1,SAPT02,KU,0000200013,SAPT02,SAPJPD,LS,0000002000,SAPJPD,10
2000.05.09,INVOIC,INVOIC02,03,1,SAPT02,KU,0000001376,SAPT02,SAPJPD,LS,0000003000,SAPJPD,6
2000.05.09,INVOIC,INVOIC02,03,1,SAPT02,KU,0000001338,SAPT02,SAPJPD,LS,0000003000,SAPJPD,1
2000.05.09,INVOIC,INVOIC02,03,1,SAPT02,KU,0000001338,SAPT02,SAPJPD,LS,0000002000,SAPJPD,1
2000.05.09,INVOIC,INVOIC02,03,1,SAPT02,KU,0000001303,SAPT02,SAPJPD,LS,0000003000,SAPJPD,3
2000.05.09,INVOIC,INVOIC02,03,1,SAPT02,KU,0000001303,SAPT02,SAPJPD,LS,0000002000,SAPJPD,1
2000.05.09,INVOIC,INVOIC02,03,1,SAPT02,KU,0000001303,SAPT02,SAPJPD,LS,0000001000,SAPJPD,2
2000.05.09,INVOIC,INVOIC02,03,1,SAPT02,KU,0000001295,SAPT02,SAPJPD,LS,0000003000,SAPJPD,1
2000.05.09,INVOIC,INVOIC02,03,1,SAPT02,KU,0000000276,SAPT02,SAPJPD,LS,0000002000,SAPJPD,1
2000.05.09,DESADV,DESADV01,03,1,SAPT02,KU,0000000329,SAPT02,SAPJPD,LS,0000002000,SAPJPD,15
2000.05.09,DESADV,DESADV01,03,1,SAPT02,KU,0000000329,SAPT02,SAPJPD,LS,0000001000,SAPJPD,5
2000.05.08,SHPORD,DELVRY01,03,1,SAPT02,LI,0002000110,SAPT02,SAPJPD,LS,0000003000,SAPJPD,78
2000.05.08,ORDERS,ORDERS03,03,1,SAPT02,LI,0002000110,SAPT02,SAPJPD,LS,0000003000,SAPJPD,4
2000.05.08,INVOIC,INVOIC02,03,1,SAPT02,KU,0000200015,SAPT02,SAPJPD,LS,0000003000,SAPJPD,25
2000.05.08,INVOIC,INVOIC02,03,1,SAPT02,KU,0000200015,SAPT02,SAPJPD,LS,0000002000,SAPJPD,16
2000.05.08,INVOIC,INVOIC02,03,1,SAPT02,KU,0000200013,SAPT02,SAPJPD,LS,0000003000,SAPJPD,3
2000.05.08,INVOIC,INVOIC02,03,1,SAPT02,KU,0000001534,SAPT02,SAPJPD,LS,0000003000,SAPJPD,3
2000.05.08,INVOIC,INVOIC02,03,1,SAPT02,KU,0000001311,SAPT02,SAPJPD,LS,0000002000,SAPJPD,1
2000.05.08,INVOIC,INVOIC02,03,1,SAPT02,KU,0000001303,SAPT02,SAPJPD,LS,0000003000,SAPJPD,1
2000.05.08,INVOIC,INVOIC02,03,1,SAPT02,KU,0000001303,SAPT02,SAPJPD,LS,0000002000,SAPJPD,3
2000.05.08,INVOIC,INVOIC02,03,1,SAPT02,KU,0000001303,SAPT02,SAPJPD,LS,0000001000,SAPJPD,1
2000.05.08,INVOIC,INVOIC02,03,1,SAPT02,KU,0000001298,SAPT02,SAPJPD,LS,0000003000,SAPJPD,2
2000.05.08,INVOIC,INVOIC02,03,1,SAPT02,KU,0000001298,SAPT02,SAPJPD,LS,0000002000,SAPJPD,1
2000.05.08,INVOIC,INVOIC02,03,1,SAPT02,KU,0000001295,SAPT02,SAPJPD,LS,0000003000,SAPJPD,5
2000.05.08,INVOIC,INVOIC02,03,1,SAPT02,KU,0000001292,SAPT02,SAPJPD,LS,0000003000,SAPJPD,1
2000.05.08,DESADV,DESADV01,03,1,SAPT02,KU,0000000329,SAPT02,SAPJPD,LS,0000002000,SAPJPD,3
2000.05.08,DESADV,DESADV01,03,1,SAPT02,KU,0000000329,SAPT02,SAPJPD,LS,0000001000,SAPJPD,3
2000.05.07,SHPORD,DELVRY01,03,1,SAPT02,LI,0002000110,SAPT02,SAPJPD,LS,0000003000,SAPJPD,4
2000.05.07,INVOIC,INVOIC02,03,1,SAPT02,KU,0000200015,SAPT02,SAPJPD,LS,0000002000,SAPJPD,6
2000.05.07,INVOIC,INVOIC02,03,1,SAPT02,KU,0000001600,SAPT02,SAPJPD,LS,0000002000,SAPJPD,1
2000.05.07,INVOIC,INVOIC02,03,1,SAPT02,KU,0000001338,SAPT02,SAPJPD,LS,0000002000,SAPJPD,1
2000.05.07,INVOIC,INVOIC02,03,1,SAPT02,KU,0000000276,SAPT02,SAPJPD,LS,0000002000,SAPJPD,1
2000.05.07,DESADV,DESADV01,03,1,SAPT02,KU,0000000329,SAPT02,SAPJPD,LS,0000002000,SAPJPD,5
2000.05.06,ORDERS,ORDERS03,03,1,SAPT02,KU,0000000309,SAPT02,SAPJPD,LS,0000002000,SAPJPD,5
2000.05.06,INVOIC,INVOIC02,03,1,SAPT02,KU,0000200015,SAPT02,SAPJPD,LS,0000002000,SAPJPD,45
2000.05.06,INVOIC,INVOIC02,03,1,SAPT02,KU,0000200013,SAPT02,SAPJPD,LS,0000002000,SAPJPD,3
2000.05.06,INVOIC,INVOIC02,03,1,SAPT02,KU,0000001338,SAPT02,SAPJPD,LS,0000002000,SAPJPD,1
2000.05.06,INVOIC,INVOIC02,03,1,SAPT02,KU,0000001303,SAPT02,SAPJPD,LS,0000002000,SAPJPD,2
2000.05.06,INVOIC,INVOIC02,03,1,SAPT02,KU,0000001303,SAPT02,SAPJPD,LS,0000001000,SAPJPD,1
2000.05.06,INVOIC,INVOIC02,03,1,SAPT02,KU,0000001298,SAPT02,SAPJPD,LS,0000002000,SAPJPD,2
2000.05.06,INVOIC,INVOIC02,03,1,SAPT02,KU,0000001295,SAPT02,SAPJPD,LS,0000002000,SAPJPD,1
2000.05.06,INVOIC,INVOIC02,03,1,SAPT02,KU,0000001292,SAPT02,SAPJPD,LS,0000002000,SAPJPD,2
2000.05.06,INVOIC,INVOIC02,03,1,SAPT02,KU,0000000276,SAPT02,SAPJPD,LS,0000002000,SAPJPD,4
2000.05.05,SHPORD,DELVRY01,03,1,SAPT02,LI,0002000110,SAPT02,SAPJPD,LS,0000003000,SAPJPD,38
2000.05.05,ORDERS,ORDERS03,03,1,SAPT02,LI,0002000110,SAPT02,SAPJPD,LS,0000003000,SAPJPD,5
2000.05.05,ORDERS,ORDERS03,03,1,SAPT02,KU,0000200015,SAPT02,SAPJPD,LS,0000002000,SAPJPD,8
2000.05.05,ORDERS,ORDERS03,03,1,SAPT02,KU,0000000309,SAPT02,SAPJPD,LS,0000002000,SAPJPD,19
2000.05.05,INVOIC,INVOIC02,03,1,SAPT02,KU,0000200015,SAPT02,SAPJPD,LS,0000003000,SAPJPD,6
2000.05.05,INVOIC,INVOIC02,03,1,SAPT02,KU,0000200015,SAPT02,SAPJPD,LS,0000002000,SAPJPD,40
2000.05.05,INVOIC,INVOIC02,03,1,SAPT02,KU,0000200013,SAPT02,SAPJPD,LS,0000003000,SAPJPD,3
2000.05.05,INVOIC,INVOIC02,03,1,SAPT02,KU,0000001534,SAPT02,SAPJPD,LS,0000003000,SAPJPD,9
2000.05.05,INVOIC,INVOIC02,03,1,SAPT02,KU,0000001303,SAPT02,SAPJPD,LS,0000003000,SAPJPD,1
2000.05.05,INVOIC,INVOIC02,03,1,SAPT02,KU,0000001303,SAPT02,SAPJPD,LS,0000002000,SAPJPD,5
2000.05.05,INVOIC,INVOIC02,03,1,SAPT02,KU,0000001298,SAPT02,SAPJPD,LS,0000003000,SAPJPD,2
2000.05.05,INVOIC,INVOIC02,03,1,SAPT02,KU,0000001292,SAPT02,SAPJPD,LS,0000002000,SAPJPD,1
2000.05.05,DESADV,DESADV01,03,1,SAPT02,KU,0000000329,SAPT02,SAPJPD,LS,0000001000,SAPJPD,8
2000.05.04,SHPORD,DELVRY01,03,1,SAPT02,LI,0002000110,SAPT02,SAPJPD,LS,0000003000,SAPJPD,47
2000.05.04,ORDERS,ORDERS03,03,1,SAPT02,LI,0002000110,SAPT02,SAPJPD,LS,0000003000,SAPJPD,2
2000.05.04,ORDERS,ORDERS03,03,1,SAPT02,KU,0000200015,SAPT02,SAPJPD,LS,0000002000,SAPJPD,2
2000.05.04,INVOIC,INVOIC02,03,1,SAPT02,KU,0000200015,SAPT02,SAPJPD,LS,0000003000,SAPJPD,14
2000.05.04,INVOIC,INVOIC02,03,1,SAPT02,KU,0000200015,SAPT02,SAPJPD,LS,0000002000,SAPJPD,23
2000.05.04,INVOIC,INVOIC02,03,1,SAPT02,KU,0000001534,SAPT02,SAPJPD,LS,0000003000,SAPJPD,2
2000.05.04,INVOIC,INVOIC02,03,1,SAPT02,KU,0000001376,SAPT02,SAPJPD,LS,0000003000,SAPJPD,11
2000.05.04,INVOIC,INVOIC02,03,1,SAPT02,KU,0000001347,SAPT02,SAPJPD,LS,0000003000,SAPJPD,1
2000.05.04,INVOIC,INVOIC02,03,1,SAPT02,KU,0000001303,SAPT02,SAPJPD,LS,0000003000,SAPJPD,1
2000.05.04,INVOIC,INVOIC02,03,1,SAPT02,KU,0000001303,SAPT02,SAPJPD,LS,0000001000,SAPJPD,1
2000.05.04,INVOIC,INVOIC02,03,1,SAPT02,KU,0000001298,SAPT02,SAPJPD,LS,0000003000,SAPJPD,1
2000.05.04,INVOIC,INVOIC02,03,1,SAPT02,KU,0000001295,SAPT02,SAPJPD,LS,0000003000,SAPJPD,2
2000.05.04,INVOIC,INVOIC02,03,1,SAPT02,KU,0000001292,SAPT02,SAPJPD,LS,0000002000,SAPJPD,4
2000.05.04,INVOIC,INVOIC02,03,1,SAPT02,KU,0000000276,SAPT02,SAPJPD,LS,0000003000,SAPJPD,2
2000.05.04,DESADV,DESADV01,03,1,SAPT02,KU,0000000329,SAPT02,SAPJPD,LS,0000002000,SAPJPD,2
2000.05.04,DESADV,DESADV01,03,1,SAPT02,KU,0000000329,SAPT02,SAPJPD,LS,0000001000,SAPJPD,7
2000.05.03,SHPORD,DELVRY01,33,1,SAPT02,LI,0002000110,SAPT02,SAPJPD,LS,0000003000,SAPJPD,2
2000.05.03,SHPORD,DELVRY01,03,1,SAPT02,LI,0002000110,SAPT02,SAPJPD,LS,0000003000,SAPJPD,74
2000.05.03,ORDERS,ORDERS03,03,1,SAPT02,LI,0002000110,SAPT02,SAPJPD,LS,0000003000,SAPJPD,2
2000.05.03,INVOIC,INVOIC02,03,1,SAPT02,KU,0000200015,SAPT02,SAPJPD,LS,0000003000,SAPJPD,5
2000.05.03,INVOIC,INVOIC02,03,1,SAPT02,KU,0000200015,SAPT02,SAPJPD,LS,0000002000,SAPJPD,5
2000.05.03,INVOIC,INVOIC02,03,1,SAPT02,KU,0000001376,SAPT02,SAPJPD,LS,0000003000,SAPJPD,2
2000.05.03,INVOIC,INVOIC02,03,1,SAPT02,KU,0000001303,SAPT02,SAPJPD,LS,0000003000,SAPJPD,2
2000.05.03,INVOIC,INVOIC02,03,1,SAPT02,KU,0000001295,SAPT02,SAPJPD,LS,0000003000,SAPJPD,3
2000.05.03,INVOIC,INVOIC02,03,1,SAPT02,KU,0000001292,SAPT02,SAPJPD,LS,0000002000,SAPJPD,1
2000.05.03,DESADV,DESADV01,03,1,SAPT02,KU,0000000329,SAPT02,SAPJPD,LS,0000002000,SAPJPD,17
2000.05.03,DESADV,DESADV01,03,1,SAPT02,KU,0000000329,SAPT02,SAPJPD,LS,0000001000,SAPJPD,3
2000.05.02,SHPORD,DELVRY01,03,1,SAPT02,LI,0002000110,SAPT02,SAPJPD,LS,0000003000,SAPJPD,102
2000.05.02,ORDERS,ORDERS03,03,1,SAPT02,LI,0002000110,SAPT02,SAPJPD,LS,0000003000,SAPJPD,6
2000.05.02,INVOIC,INVOIC02,03,1,SAPT02,KU,0000200015,SAPT02,SAPJPD,LS,0000001000,SAPJPD,13
2000.05.02,INVOIC,INVOIC02,03,1,SAPT02,KU,0000001376,SAPT02,SAPJPD,LS,0000003000,SAPJPD,1
2000.05.02,INVOIC,INVOIC02,03,1,SAPT02,KU,0000001303,SAPT02,SAPJPD,LS,0000002000,SAPJPD,3
2000.05.02,DESADV,DESADV01,03,1,SAPT02,KU,0000000329,SAPT02,SAPJPD,LS,0000002000,SAPJPD,1
2000.05.02,DESADV,DESADV01,03,1,SAPT02,KU,0000000329,SAPT02,SAPJPD,LS,0000001000,SAPJPD,11
2000.05.01,SHPORD,DELVRY01,03,1,SAPT02,LI,0002000110,SAPT02,SAPJPD,LS,0000003000,SAPJPD,36
2000.05.01,ORDERS,ORDERS03,03,1,SAPT02,LI,0002000110,SAPT02,SAPJPD,LS,0000003000,SAPJPD,4
2000.05.01,INVOIC,INVOIC02,03,1,SAPT02,KU,0000001376,SAPT02,SAPJPD,LS,0000003000,SAPJPD,1
2000.05.01,DESADV,DESADV01,03,1,SAPT02,KU,0000000329,SAPT02,SAPJPD,LS,0000001000,SAPJPD,6
2000.04.28,ORDERS,ORDERS03,03,1,SAPT02,LI,0002000110,SAPT02,SAPJPD,LS,0000003000,SAPJPD,21
2000.02.23,CLSMAS,CLSMAS02,03,1,A000000001,LS,JJCDNAF300,J&J CANADA-AFF.PRJ.CLIENT300.JQA SYSTEM,SAPJDV,LS,JJCDNAF200,J&J CANADA-AFF.PRJ.CLIENT300.JQA SYSTEM,6
2000.02.23,CHRMAS,CHRMAS02,03,1,A000000001,LS,JJCDNAF300,J&J CANADA-AFF.PRJ.CLIENT300.JQA SYSTEM,SAPJDV,LS,JJCDNAF200,J&J CANADA-AFF.PRJ.CLIENT300.JQA SYSTEM,77
2000.02.22,CLSMAS,CLSMAS02,33,1,,LS,JJCDNAF300,J&J CANADA-AFF.PRJ.CLIENT300.JQA SYSTEM,SAPJDV,LS,JJCDNAF200,J&J CANADA-AFF.PRJ.CLIENT300.JQA SYSTEM,6
2000.02.22,CHRMAS,CHRMAS02,33,1,,LS,JJCDNAF300,J&J CANADA-AFF.PRJ.CLIENT300.JQA SYSTEM,SAPJDV,LS,JJCDNAF200,J&J CANADA-AFF.PRJ.CLIENT300.JQA SYSTEM,75